-- Dump PHP pur
-- Base : `BDDCAFE2025`
-- Date : 2025-11-02 10:37:44

SET NAMES utf8mb4;
SET FOREIGN_KEY_CHECKS=0;

--
-- Structure de la table `categorie`
--
DROP TABLE IF EXISTS `categorie`;
CREATE TABLE `categorie` (
  `idCategorie` int NOT NULL AUTO_INCREMENT,
  `libelle` text CHARACTER SET utf8mb4 COLLATE utf8mb4_general_ci NOT NULL,
  `description` text CHARACTER SET utf8mb4 COLLATE utf8mb4_general_ci NOT NULL,
  `desactiverCategorie` tinyint(1) NOT NULL,
  PRIMARY KEY (`idCategorie`)
) ENGINE=InnoDB AUTO_INCREMENT=23 DEFAULT CHARSET=utf8mb4 COLLATE=utf8mb4_general_ci;

--
-- Données de la table `categorie`
--
INSERT INTO `categorie` (`idCategorie`,`libelle`,`description`,`desactiverCategorie`) VALUES
(10,'Infusion','',0),
(11,'Infusion triangle','',0),
(12,'Infusion vrac','',0),
(15,'Thé triangle','',0),
(16,'Thé vrac','',0),
(17,'Capsule','',0),
(18,'Grain','',0),
(19,'Moulu','',0),
(20,'Rooibos','',0),
(21,'Accompagnements','',0);

--
-- Structure de la table `categorie_utilisateur`
--
DROP TABLE IF EXISTS `categorie_utilisateur`;
CREATE TABLE `categorie_utilisateur` (
  `id` int NOT NULL AUTO_INCREMENT,
  `libelle` text CHARACTER SET utf8mb4 COLLATE utf8mb4_general_ci NOT NULL,
  `description` text CHARACTER SET utf8mb4 COLLATE utf8mb4_general_ci NOT NULL,
  PRIMARY KEY (`id`)
) ENGINE=InnoDB AUTO_INCREMENT=7 DEFAULT CHARSET=utf8mb4 COLLATE=utf8mb4_general_ci;

--
-- Données de la table `categorie_utilisateur`
--
INSERT INTO `categorie_utilisateur` (`id`,`libelle`,`description`) VALUES
(1,'administrateur','administrateur du logiciel'),
(2,'gestionnaire café : catalogue','Gestionnaire du catalogue de l\'entreprise'),
(3,'entreprise cliente','entreprise cliente, pour administrer'),
(4,'salarie entreprise cliente','salarié pour traiter des commandes'),
(5,'Commercial Café','Salarié gérant les ventes et la relation avec les entreprises clientes'),
(6,'Gestioonnaire RGPD','Salarié en charge de la gestion des données personnelles');

--
-- Structure de la table `commande`
--
DROP TABLE IF EXISTS `commande`;
CREATE TABLE `commande` (
  `id` int NOT NULL AUTO_INCREMENT,
  `dateCreation` datetime DEFAULT NULL,
  `idEntreprise` int NOT NULL,
  `etat` int DEFAULT NULL COMMENT '1 : Caddie\r\n2 : Commande confirmée, en attente de virement\r\n3 : Commande payée, virement re├ºu\r\n4 : Commande en préparation\r\n5 : Commande en attente approvisionnement\r\n6 : Commande expédiée\r\n7 : Commande re├ºue par le client\r\n8 : Commande avec incident livraison\r\n9 : Commande avec réexpédition entraine une autre commande\r\n10 : Commande en attente de retour\r\n11 : Commande retournée re├ºue, en attente de remboursement\r\n12 : Commande retournée remboursée\r\n13 : Commande remboursée sans retour client',
  PRIMARY KEY (`id`),
  KEY `fk_commande_entreprise` (`idEntreprise`),
  CONSTRAINT `fk_commande_entreprise` FOREIGN KEY (`idEntreprise`) REFERENCES `entreprise` (`idEntreprise`)
) ENGINE=InnoDB AUTO_INCREMENT=116 DEFAULT CHARSET=utf8mb4 COLLATE=utf8mb4_general_ci;

--
-- Données de la table `commande`
--
INSERT INTO `commande` (`id`,`dateCreation`,`idEntreprise`,`etat`) VALUES
(1,'2025-09-07 22:44:04',1,7),
(2,'2025-09-07 22:44:04',1,4),
(3,'2025-09-07 22:44:04',1,7),
(4,'2025-09-07 22:44:04',1,6),
(5,'2025-09-07 22:44:05',1,7),
(6,'2025-09-07 22:44:05',1,2),
(7,'2025-09-07 22:44:05',1,5),
(8,'2025-09-07 22:44:05',1,4),
(9,'2025-09-07 22:44:05',1,7),
(10,'2025-09-07 22:44:05',1,4),
(11,'2025-09-07 22:44:05',1,2),
(12,'2025-09-07 22:44:05',1,5),
(13,'2025-09-07 22:44:05',1,7),
(14,'2025-09-07 22:44:06',1,7),
(15,'2025-09-07 22:44:06',1,7),
(16,'2025-09-07 22:44:06',1,5),
(17,'2025-09-07 22:44:06',1,4),
(18,'2025-09-07 22:44:06',1,3),
(19,'2025-09-07 22:44:06',1,7),
(20,'2025-09-07 22:44:06',1,2),
(21,'2025-09-07 22:44:06',1,6),
(22,'2025-09-07 22:44:06',1,3),
(23,'2025-09-07 22:44:07',1,6),
(24,'2025-09-07 22:44:07',1,5),
(25,'2025-09-07 22:44:07',2,4),
(26,'2025-09-07 22:44:07',2,5),
(27,'2025-09-07 22:44:07',2,7),
(28,'2025-09-07 22:44:07',2,6),
(29,'2025-09-07 22:44:07',2,6),
(30,'2025-09-07 22:44:07',2,7),
(31,'2025-09-07 22:44:07',2,2),
(32,'2025-09-07 22:44:07',2,3),
(33,'2025-09-07 22:44:07',2,5),
(34,'2025-09-07 22:44:08',2,3),
(35,'2025-09-07 22:44:08',2,2),
(36,'2025-09-07 22:44:08',2,6),
(37,'2025-09-07 22:44:08',2,4),
(38,'2025-09-07 22:44:08',2,7),
(39,'2025-09-07 22:44:08',2,3),
(40,'2025-09-07 22:44:08',2,2),
(41,'2025-09-07 22:44:08',2,3),
(42,'2025-09-07 22:44:08',2,7),
(43,'2025-09-07 22:44:09',2,6),
(44,'2025-09-07 22:44:09',2,5),
(45,'2025-09-07 22:44:09',2,2),
(46,'2025-09-07 22:44:09',2,5),
(47,'2025-09-07 22:44:09',2,6),
(48,'2025-09-07 22:44:09',3,2),
(49,'2025-09-07 22:44:09',3,4),
(50,'2025-09-07 22:44:09',3,2),
(51,'2025-09-07 22:44:09',3,5),
(52,'2025-09-07 22:44:09',3,5),
(53,'2025-09-07 22:44:09',3,6),
(54,'2025-09-07 22:44:09',3,5),
(55,'2025-09-07 22:44:10',3,2),
(56,'2025-09-07 22:44:10',3,3),
(57,'2025-09-07 22:44:10',3,7),
(58,'2025-09-07 22:44:10',3,3),
(59,'2025-09-07 22:44:10',3,7),
(60,'2025-09-07 22:44:10',3,6),
(61,'2025-09-07 22:44:10',3,4),
(62,'2025-09-07 22:44:10',3,7),
(63,'2025-09-07 22:44:10',3,2),
(64,'2025-09-07 22:44:11',3,3),
(65,'2025-09-07 22:44:11',3,7),
(66,'2025-09-07 22:44:11',3,2),
(67,'2025-09-07 22:44:11',3,6),
(68,'2025-09-07 22:44:11',3,2),
(69,'2025-09-07 22:44:11',3,4),
(70,'2025-09-07 22:44:11',3,2),
(71,'2025-09-07 22:44:11',3,2),
(72,'2025-09-07 22:44:11',3,5),
(73,'2025-09-07 22:44:11',4,4),
(74,'2025-09-07 22:44:11',4,3),
(75,'2025-09-07 22:44:11',4,5),
(76,'2025-09-07 22:44:12',4,6),
(77,'2025-09-07 22:44:12',4,6),
(78,'2025-09-07 22:44:12',4,6),
(79,'2025-09-07 22:44:12',4,6),
(80,'2025-09-07 22:44:12',4,6),
(81,'2025-09-07 22:44:12',4,3),
(82,'2025-09-07 22:44:12',4,2),
(83,'2025-09-07 22:44:12',4,2),
(84,'2025-09-07 22:44:12',4,7),
(85,'2025-09-07 22:44:12',4,6),
(86,'2025-09-07 22:44:13',4,7),
(87,'2025-09-07 22:44:13',4,2),
(88,'2025-09-07 22:44:13',4,7),
(89,'2025-09-07 22:44:13',4,3),
(90,'2025-09-07 22:44:13',4,6),
(91,'2025-09-07 22:44:13',4,2),
(92,'2025-09-07 22:44:13',4,5),
(93,'2025-09-07 22:44:13',5,3),
(94,'2025-09-07 22:44:13',5,3),
(95,'2025-09-07 22:44:13',5,6),
(96,'2025-09-07 22:44:14',5,7),
(97,'2025-09-07 22:44:14',5,6),
(98,'2025-09-07 22:44:14',5,3),
(99,'2025-09-07 22:44:14',5,4),
(100,'2025-09-07 22:44:14',5,6),
(101,'2025-09-07 22:44:14',5,5),
(102,'2025-09-07 22:44:14',5,7),
(103,'2025-09-07 22:44:14',5,2),
(104,'2025-09-07 22:44:14',5,3),
(105,'2025-09-07 22:44:15',5,3),
(106,'2025-09-07 22:44:15',5,7),
(107,'2025-09-07 22:44:15',5,3),
(108,'2025-09-07 22:44:15',5,3),
(109,'2025-09-07 22:44:15',5,7),
(110,'2025-09-07 22:44:15',5,2),
(111,'2025-09-07 22:44:15',5,3),
(112,'2025-09-07 22:44:15',5,2),
(113,'2025-09-07 22:44:15',5,6),
(114,'2025-09-07 22:44:15',5,6),
(115,'2025-09-07 22:44:15',5,7);

--
-- Structure de la table `commande_avoir_produit`
--
DROP TABLE IF EXISTS `commande_avoir_produit`;
CREATE TABLE `commande_avoir_produit` (
  `idCommande` int NOT NULL,
  `idProduit` int NOT NULL,
  `quantite` int NOT NULL,
  `prixCommandeHT` float NOT NULL,
  `tauxTVA` float NOT NULL,
  PRIMARY KEY (`idCommande`,`idProduit`),
  KEY `commande_avoir_article_produit_idProduit_fk` (`idProduit`),
  CONSTRAINT `commande_avoir_article_commande_id_fk` FOREIGN KEY (`idCommande`) REFERENCES `commande` (`id`),
  CONSTRAINT `commande_avoir_article_produit_idProduit_fk` FOREIGN KEY (`idProduit`) REFERENCES `produit` (`idProduit`)
) ENGINE=InnoDB DEFAULT CHARSET=utf8mb4 COLLATE=utf8mb4_general_ci;

--
-- Données de la table `commande_avoir_produit`
--
INSERT INTO `commande_avoir_produit` (`idCommande`,`idProduit`,`quantite`,`prixCommandeHT`,`tauxTVA`) VALUES
(1,173,1,7,0.1),
(1,175,1,7,0.1),
(1,201,1,25,0.1),
(1,207,1,25,0.1),
(2,175,1,7,0.1),
(2,206,1,25,0.1),
(2,216,1,25,0.1),
(3,155,1,8,0.1),
(3,181,1,7,0.1),
(3,184,1,7,0.1),
(3,206,1,25,0.1),
(3,213,1,25,0.1),
(4,132,1,6,0.1),
(4,182,1,7,0.1),
(4,212,1,25,0.1),
(4,222,1,25,0.1),
(4,223,1,25,0.1),
(5,147,1,6,0.1),
(6,181,1,7,0.1),
(6,220,1,25,0.1),
(6,222,1,25,0.1),
(6,231,1,6,0.1),
(7,133,1,6,0.1),
(7,148,1,6,0.1),
(7,150,1,7,0.1),
(7,176,1,7,0.1),
(7,216,1,25,0.1),
(8,147,1,6,0.1),
(8,155,1,8,0.1),
(8,221,1,25,0.1),
(9,155,1,8,0.1),
(9,168,1,8,0.1),
(9,178,1,7,0.1),
(9,180,1,6,0.1),
(9,181,1,7,0.1),
(10,167,1,8,0.1),
(10,176,1,7,0.1),
(10,182,1,7,0.1),
(10,198,2,25,0.1),
(11,131,1,6,0.1),
(11,227,1,7,0.1),
(12,171,1,7,0.1),
(12,174,1,7,0.1),
(13,237,2,6,0.1),
(14,128,1,6,0.1),
(14,220,1,25,0.1),
(15,233,1,6,0.1),
(15,234,1,6,0.1),
(15,239,1,6,0.1),
(15,240,1,7,0.1),
(16,171,1,7,0.1),
(16,217,1,25,0.1),
(16,218,1,25,0.1),
(16,238,1,6,0.1),
(16,244,1,7,0.1),
(17,154,1,7,0.1),
(17,236,1,6,0.1),
(17,242,1,7,0.1),
(18,153,1,7,0.1),
(18,183,1,7,0.1),
(19,130,1,6,0.1),
(19,242,1,7,0.1),
(20,135,1,6,0.1),
(20,207,1,25,0.1),
(20,239,1,6,0.1),
(21,131,1,6,0.1),
(21,180,1,6,0.1),
(21,235,1,6,0.1),
(21,243,1,7,0.1),
(22,149,1,6,0.1),
(22,154,1,7,0.1),
(22,179,1,9,0.1),
(22,229,1,6,0.1),
(23,226,1,7,0.1),
(24,196,1,25,0.1),
(25,224,1,25,0.1),
(25,235,1,6,0.1),
(26,177,1,7,0.1),
(26,203,1,25,0.1),
(26,210,1,25,0.1),
(26,241,1,7,0.1),
(27,203,1,25,0.1),
(27,210,1,25,0.1),
(28,131,1,6,0.1),
(28,154,1,7,0.1),
(29,129,1,6,0.1),
(29,214,1,25,0.1),
(29,230,1,6,0.1),
(30,150,1,7,0.1),
(30,185,1,7,0.1),
(30,228,1,7,0.1),
(31,229,1,6,0.1),
(32,131,1,6,0.1),
(32,154,1,7,0.1),
(32,166,1,8,0.1),
(32,170,1,11,0.1),
(32,232,1,6,0.1),
(33,165,1,8,0.1),
(33,172,1,7,0.1),
(33,220,1,25,0.1),
(33,229,1,6,0.1),
(33,243,1,7,0.1),
(34,151,2,7,0.1),
(34,178,1,7,0.1),
(34,208,1,25,0.1),
(35,234,1,6,0.1),
(36,148,1,6,0.1),
(36,155,1,8,0.1),
(36,175,1,7,0.1),
(36,206,1,25,0.1),
(36,245,1,6,0.1),
(37,134,1,6,0.1),
(37,151,1,7,0.1),
(37,220,1,25,0.1),
(37,242,1,7,0.1),
(38,210,1,25,0.1),
(38,212,1,25,0.1),
(38,231,1,6,0.1),
(38,238,1,6,0.1),
(39,210,1,25,0.1),
(40,208,1,25,0.1),
(40,211,1,25,0.1),
(41,211,1,25,0.1),
(41,239,1,6,0.1),
(41,240,1,7,0.1),
(41,241,1,7,0.1),
(41,245,1,6,0.1),
(42,155,1,8,0.1),
(42,185,1,7,0.1),
(43,226,1,7,0.1),
(43,234,1,6,0.1),
(44,203,1,25,0.1),
(44,238,1,6,0.1),
(45,152,1,7,0.1),
(45,169,1,6,0.1),
(46,165,1,8,0.1),
(46,241,1,7,0.1),
(47,156,1,7,0.1),
(47,182,1,7,0.1),
(48,201,1,25,0.1),
(48,214,1,25,0.1),
(48,223,1,25,0.1),
(48,247,1,25,0.1),
(49,149,1,6,0.1),
(49,212,1,25,0.1),
(50,153,1,7,0.1),
(50,225,1,7,0.1),
(50,228,1,7,0.1),
(51,235,1,6,0.1),
(52,185,1,7,0.1),
(52,210,1,25,0.1),
(52,223,1,25,0.1),
(53,201,1,25,0.1),
(53,242,1,7,0.1),
(54,147,1,6,0.1),
(54,156,1,7,0.1),
(54,184,1,7,0.1),
(54,216,1,25,0.1),
(55,212,1,25,0.1),
(56,151,1,7,0.1),
(56,168,1,8,0.1),
(56,227,1,7,0.1),
(57,129,1,6,0.1),
(57,135,1,6,0.1),
(57,185,1,7,0.1),
(57,196,1,25,0.1),
(57,222,1,25,0.1),
(58,128,1,6,0.1),
(58,177,1,7,0.1),
(58,184,1,7,0.1),
(58,242,1,7,0.1),
(59,150,1,7,0.1),
(59,220,1,25,0.1),
(59,233,1,6,0.1),
(59,242,1,7,0.1),
(60,171,1,7,0.1),
(60,175,1,7,0.1),
(60,180,1,6,0.1),
(60,212,1,25,0.1),
(61,130,1,6,0.1),
(61,134,1,6,0.1),
(61,165,1,8,0.1),
(61,223,1,25,0.1),
(62,212,1,25,0.1),
(63,149,1,6,0.1),
(63,178,1,7,0.1),
(64,148,1,6,0.1),
(64,156,1,7,0.1),
(64,201,1,25,0.1),
(65,149,1,6,0.1),
(65,181,1,7,0.1),
(65,198,1,25,0.1),
(66,156,1,7,0.1),
(66,238,1,6,0.1),
(66,244,1,7,0.1),
(67,242,1,7,0.1),
(68,207,1,25,0.1),
(68,212,1,25,0.1),
(69,148,1,6,0.1),
(69,181,1,7,0.1),
(69,208,1,25,0.1),
(69,222,1,25,0.1),
(69,242,1,7,0.1),
(70,147,1,6,0.1),
(70,166,1,8,0.1),
(70,230,1,6,0.1),
(71,165,1,8,0.1),
(71,201,1,25,0.1),
(71,207,1,25,0.1),
(71,245,1,6,0.1),
(71,246,1,25,0.1),
(72,151,1,7,0.1),
(72,170,1,11,0.1),
(72,184,1,7,0.1),
(72,196,1,25,0.1),
(73,169,1,6,0.1),
(73,221,1,25,0.1),
(73,244,1,7,0.1),
(73,245,1,6,0.1),
(74,184,1,7,0.1),
(74,244,1,7,0.1),
(74,247,1,25,0.1),
(75,152,1,7,0.1),
(75,168,1,8,0.1),
(75,173,1,7,0.1),
(75,211,1,25,0.1),
(76,152,1,7,0.1),
(76,174,1,7,0.1),
(76,185,1,7,0.1),
(76,233,1,6,0.1),
(76,238,1,6,0.1),
(77,154,1,7,0.1),
(78,173,1,7,0.1),
(78,228,1,7,0.1),
(78,233,1,6,0.1),
(78,237,1,6,0.1),
(79,168,2,8,0.1),
(79,172,1,7,0.1),
(79,183,1,7,0.1),
(79,243,1,7,0.1),
(80,175,1,7,0.1),
(80,196,1,25,0.1),
(81,222,1,25,0.1),
(81,232,1,6,0.1),
(81,235,1,6,0.1),
(81,236,1,6,0.1),
(82,151,1,7,0.1),
(83,223,1,25,0.1),
(83,229,1,6,0.1),
(84,135,1,6,0.1),
(84,169,1,6,0.1),
(84,178,1,7,0.1),
(84,236,1,6,0.1),
(85,131,1,6,0.1),
(85,150,1,7,0.1),
(85,170,1,11,0.1),
(85,223,1,25,0.1),
(86,154,1,7,0.1),
(86,203,1,25,0.1),
(86,207,1,25,0.1),
(86,210,1,25,0.1),
(87,150,1,7,0.1),
(87,175,1,7,0.1),
(88,226,1,7,0.1),
(88,233,1,6,0.1),
(88,235,1,6,0.1),
(88,247,1,25,0.1),
(89,182,1,7,0.1),
(89,211,1,25,0.1),
(89,214,1,25,0.1),
(89,216,1,25,0.1),
(89,235,1,6,0.1),
(90,153,1,7,0.1),
(90,167,1,8,0.1),
(90,203,1,25,0.1),
(90,204,1,25,0.1),
(90,238,1,6,0.1),
(91,147,1,6,0.1),
(92,233,1,6,0.1),
(93,133,1,6,0.1),
(93,155,1,8,0.1),
(93,167,1,8,0.1),
(93,176,1,7,0.1),
(93,179,1,9,0.1),
(94,168,1,8,0.1),
(94,172,1,7,0.1),
(94,244,1,7,0.1),
(95,176,1,7,0.1),
(95,243,1,7,0.1),
(96,150,1,7,0.1),
(96,180,1,6,0.1),
(96,196,1,25,0.1),
(96,213,1,25,0.1),
(96,214,1,25,0.1),
(97,243,1,7,0.1),
(98,213,1,25,0.1),
(98,214,1,25,0.1),
(98,217,1,25,0.1),
(98,223,1,25,0.1),
(98,231,1,6,0.1),
(99,184,1,7,0.1),
(99,222,1,25,0.1),
(100,133,1,6,0.1),
(100,166,1,8,0.1),
(100,220,2,25,0.1),
(101,185,1,7,0.1),
(102,150,1,7,0.1),
(103,170,1,11,0.1),
(103,173,1,7,0.1),
(103,177,1,7,0.1),
(103,201,1,25,0.1),
(103,208,1,25,0.1),
(104,133,1,6,0.1),
(104,213,1,25,0.1),
(104,239,1,6,0.1),
(105,224,1,25,0.1),
(105,243,1,7,0.1),
(106,228,1,7,0.1),
(106,231,1,6,0.1),
(107,183,1,7,0.1),
(108,134,1,6,0.1),
(108,223,1,25,0.1),
(109,133,1,6,0.1),
(109,169,1,6,0.1),
(109,202,1,25,0.1),
(109,208,1,25,0.1),
(109,242,1,7,0.1),
(110,196,1,25,0.1),
(110,224,1,25,0.1),
(110,228,1,7,0.1),
(111,217,1,25,0.1),
(112,149,1,6,0.1),
(112,208,1,25,0.1),
(112,210,1,25,0.1),
(112,221,1,25,0.1),
(112,225,1,7,0.1),
(113,131,1,6,0.1),
(113,135,1,6,0.1),
(113,177,1,7,0.1),
(113,218,1,25,0.1),
(113,245,1,6,0.1),
(114,149,1,6,0.1),
(114,218,1,25,0.1),
(114,239,1,6,0.1),
(115,182,1,7,0.1),
(115,185,1,7,0.1),
(115,196,1,25,0.1),
(115,213,1,25,0.1);

--
-- Structure de la table `consentements`
--
DROP TABLE IF EXISTS `consentements`;
CREATE TABLE `consentements` (
  `id` bigint NOT NULL AUTO_INCREMENT,
  `utilisateur_id` int DEFAULT NULL,
  `finalite_id` int NOT NULL,
  `statut` enum('accorde','refuse','retire') NOT NULL,
  `version_politique_id` int NOT NULL,
  `ip_adresse` varbinary(16) DEFAULT NULL,
  `cree_le` datetime NOT NULL DEFAULT CURRENT_TIMESTAMP,
  PRIMARY KEY (`id`)
) ENGINE=InnoDB AUTO_INCREMENT=4 DEFAULT CHARSET=utf8mb4 COLLATE=utf8mb4_0900_ai_ci;

--
-- Données de la table `consentements`
--
INSERT INTO `consentements` (`id`,`utilisateur_id`,`finalite_id`,`statut`,`version_politique_id`,`ip_adresse`,`cree_le`) VALUES
(1,1,2,'accorde',1,0x00000000000000000000000000000001,'2025-09-14 22:53:29'),
(2,1,1,'accorde',1,0x00000000000000000000000000000001,'2025-09-14 22:53:29'),
(3,1,3,'refuse',1,0x00000000000000000000000000000001,'2025-09-14 22:53:29');

--
-- Structure de la table `entreprise`
--
DROP TABLE IF EXISTS `entreprise`;
CREATE TABLE `entreprise` (
  `idEntreprise` int NOT NULL AUTO_INCREMENT,
  `denomination` text CHARACTER SET utf8mb4 COLLATE utf8mb4_general_ci NOT NULL,
  `rueAdresse` text CHARACTER SET utf8mb4 COLLATE utf8mb4_general_ci NOT NULL,
  `complementAdresse` text CHARACTER SET utf8mb4 COLLATE utf8mb4_general_ci NOT NULL,
  `codePostal` text CHARACTER SET utf8mb4 COLLATE utf8mb4_general_ci NOT NULL,
  `ville` text CHARACTER SET utf8mb4 COLLATE utf8mb4_general_ci NOT NULL,
  `pays` text CHARACTER SET utf8mb4 COLLATE utf8mb4_general_ci NOT NULL,
  `numCompte` text CHARACTER SET utf8mb4 COLLATE utf8mb4_general_ci,
  `mailContact` text CHARACTER SET utf8mb4 COLLATE utf8mb4_general_ci NOT NULL,
  `siret` text CHARACTER SET utf8mb4 COLLATE utf8mb4_general_ci,
  `idUtilisateur` int DEFAULT NULL,
  `desactiver` tinyint NOT NULL DEFAULT '0',
  PRIMARY KEY (`idEntreprise`)
) ENGINE=InnoDB AUTO_INCREMENT=6 DEFAULT CHARSET=utf8mb4 COLLATE=utf8mb4_general_ci;

--
-- Données de la table `entreprise`
--
INSERT INTO `entreprise` (`idEntreprise`,`denomination`,`rueAdresse`,`complementAdresse`,`codePostal`,`ville`,`pays`,`numCompte`,`mailContact`,`siret`,`idUtilisateur`,`desactiver`) VALUES
(1,'Zoombox','1 rue Zoombox','','76445 CEDEX','Marmande','France','Zoombox_1','contact@zoombox.com','8616086810001',4,0),
(2,'Edgeblab','1 rue Edgeblab','','65508 CEDEX','Montigny','France','Edgeblab_2','contact@edgeblab.com','8073184690001',5,0),
(3,'Gabcube','1 rue Gabcube','','26090 CEDEX','Nantes','France','Gabcube_3','contact@gabcube.com','8095750320001',6,0),
(4,'Jazzy','1 rue Jazzy','','90925 CEDEX','Rueil','France','Jazzy_4','contact@jazzy.com','7408035570001',7,0),
(5,'Devbug','1 rue Devbug','','52174 CEDEX','Reims','France','Devbug_5','contact@devbug.com','9281356950001',8,0);

--
-- Structure de la table `etat_commande`
--
DROP TABLE IF EXISTS `etat_commande`;
CREATE TABLE `etat_commande` (
  `idEtatCommande` int NOT NULL,
  `libelle` text CHARACTER SET utf8mb4 COLLATE utf8mb4_general_ci NOT NULL,
  PRIMARY KEY (`idEtatCommande`)
) ENGINE=InnoDB DEFAULT CHARSET=utf8mb4 COLLATE=utf8mb4_general_ci;

--
-- Données de la table `etat_commande`
--
INSERT INTO `etat_commande` (`idEtatCommande`,`libelle`) VALUES
(1,'Caddie'),
(2,'Commande confirmée, en attente de virement'),
(3,'Commande payée, virement reçu'),
(4,'Commande en préparation'),
(5,'Commande en attente approvisionnement'),
(6,'Commande expédiée'),
(7,'Commande réceptionnée (client)'),
(8,'Commande avec incident livraison'),
(9,'Commande avec réexpédition entraine une autre commande'),
(10,'Commande en attente de retour'),
(11,'Commande retournée, en attente de remboursement'),
(12,'Commande retournée remboursée'),
(13,'Commande remboursée sans retour client');

--
-- Structure de la table `evenements_consentement`
--
DROP TABLE IF EXISTS `evenements_consentement`;
CREATE TABLE `evenements_consentement` (
  `id` bigint NOT NULL AUTO_INCREMENT,
  `consentement_id` bigint NOT NULL,
  `type_evenement` enum('accord','refus','retrait','mise_a_jour') NOT NULL,
  `version_politique_id` int NOT NULL,
  `hash_snapshot` char(64) NOT NULL,
  `ip_adresse` varbinary(16) DEFAULT NULL,
  `idUtilisateur` int NOT NULL,
  `survenu_le` datetime NOT NULL DEFAULT CURRENT_TIMESTAMP,
  PRIMARY KEY (`id`)
) ENGINE=InnoDB AUTO_INCREMENT=4 DEFAULT CHARSET=utf8mb4 COLLATE=utf8mb4_0900_ai_ci;

--
-- Données de la table `evenements_consentement`
--
INSERT INTO `evenements_consentement` (`id`,`consentement_id`,`type_evenement`,`version_politique_id`,`hash_snapshot`,`ip_adresse`,`idUtilisateur`,`survenu_le`) VALUES
(1,1,'accord',1,'d6d108fd238c9e296e9153fcbb10c72dae711f231a51f7475c8f34c21400bacb',0x00000000000000000000000000000001,1,'2025-09-14 22:53:29'),
(2,2,'accord',1,'8411e94ffb9bb7fc1ca64485609cb5c413b5ceea3f6c57f542a05d67d777b5f5',0x00000000000000000000000000000001,1,'2025-09-14 22:53:29'),
(3,3,'refus',1,'f81ed9251e9e6da747f303ca6ffce7cc7958eba93ff0d6c960eaf425a08a76fc',0x00000000000000000000000000000001,1,'2025-09-14 22:53:29');

--
-- Structure de la table `finalites_consentement`
--
DROP TABLE IF EXISTS `finalites_consentement`;
CREATE TABLE `finalites_consentement` (
  `id` int NOT NULL AUTO_INCREMENT,
  `nom` varchar(100) NOT NULL,
  `actif` tinyint(1) NOT NULL DEFAULT '1',
  `cree_le` datetime NOT NULL DEFAULT CURRENT_TIMESTAMP,
  PRIMARY KEY (`id`)
) ENGINE=InnoDB AUTO_INCREMENT=6 DEFAULT CHARSET=utf8mb4 COLLATE=utf8mb4_0900_ai_ci;

--
-- Données de la table `finalites_consentement`
--
INSERT INTO `finalites_consentement` (`id`,`nom`,`actif`,`cree_le`) VALUES
(1,'Usage général',1,'2025-09-14 22:26:14'),
(2,'Newsletter',1,'2025-09-14 22:26:30'),
(3,'Usages promotionnels',1,'2025-09-14 22:26:59');

--
-- Structure de la table `historique_connexion`
--
DROP TABLE IF EXISTS `historique_connexion`;
CREATE TABLE `historique_connexion` (
  `id` int NOT NULL AUTO_INCREMENT,
  `idUtilisateur` int DEFAULT NULL,
  `login` varchar(255) COLLATE utf8mb4_general_ci DEFAULT NULL,
  `dateConnexion` datetime NOT NULL DEFAULT CURRENT_TIMESTAMP,
  `ip` varchar(45) COLLATE utf8mb4_general_ci DEFAULT NULL,
  `userAgent` varchar(255) COLLATE utf8mb4_general_ci DEFAULT NULL,
  `reussite` tinyint(1) NOT NULL DEFAULT '1',
  PRIMARY KEY (`id`),
  KEY `idx_hist_conn_user` (`idUtilisateur`),
  KEY `idx_hist_conn_login_date` (`login`,`dateConnexion`),
  CONSTRAINT `fk_hist_conn_user` FOREIGN KEY (`idUtilisateur`) REFERENCES `utilisateur` (`idUtilisateur`) ON DELETE CASCADE ON UPDATE CASCADE
) ENGINE=InnoDB AUTO_INCREMENT=12 DEFAULT CHARSET=utf8mb4 COLLATE=utf8mb4_general_ci;

--
-- Données de la table `historique_connexion`
--
INSERT INTO `historique_connexion` (`id`,`idUtilisateur`,`login`,`dateConnexion`,`ip`,`userAgent`,`reussite`) VALUES
(1,1,'root@cafe.local','2025-10-07 21:54:53','::1','Mozilla/5.0 (Windows NT 10.0; Win64; x64) AppleWebKit/537.36 (KHTML, like Gecko) Chrome/140.0.0.0 Safari/537.36',0),
(2,1,'root@cafe.local','2025-10-07 21:54:58','::1','Mozilla/5.0 (Windows NT 10.0; Win64; x64) AppleWebKit/537.36 (KHTML, like Gecko) Chrome/140.0.0.0 Safari/537.36',0),
(3,1,'root@cafe.local','2025-10-07 21:55:02','::1','Mozilla/5.0 (Windows NT 10.0; Win64; x64) AppleWebKit/537.36 (KHTML, like Gecko) Chrome/140.0.0.0 Safari/537.36',0),
(4,1,'root@cafe.local','2025-10-07 21:55:06','::1','Mozilla/5.0 (Windows NT 10.0; Win64; x64) AppleWebKit/537.36 (KHTML, like Gecko) Chrome/140.0.0.0 Safari/537.36',0),
(5,1,'root@cafe.local','2025-10-07 21:55:13','::1','Mozilla/5.0 (Windows NT 10.0; Win64; x64) AppleWebKit/537.36 (KHTML, like Gecko) Chrome/140.0.0.0 Safari/537.36',0),
(6,1,NULL,'2025-10-07 22:10:25','::1','Mozilla/5.0 (Windows NT 10.0; Win64; x64) AppleWebKit/537.36 (KHTML, like Gecko) Chrome/140.0.0.0 Safari/537.36',1),
(7,1,'root@cafe.local','2025-11-02 08:54:04','::1','Mozilla/5.0 (Windows NT 10.0; Win64; x64) AppleWebKit/537.36 (KHTML, like Gecko) Chrome/141.0.0.0 Safari/537.36',0),
(8,1,NULL,'2025-11-02 08:54:16','::1','Mozilla/5.0 (Windows NT 10.0; Win64; x64) AppleWebKit/537.36 (KHTML, like Gecko) Chrome/141.0.0.0 Safari/537.36',1),
(9,1,'root@cafe.local','2025-11-02 09:00:38','::1','Mozilla/5.0 (Windows NT 10.0; Win64; x64) AppleWebKit/537.36 (KHTML, like Gecko) Chrome/141.0.0.0 Safari/537.36',0),
(10,1,NULL,'2025-11-02 09:01:20','::1','Mozilla/5.0 (Windows NT 10.0; Win64; x64) AppleWebKit/537.36 (KHTML, like Gecko) Chrome/141.0.0.0 Safari/537.36',1),
(11,1,NULL,'2025-11-02 10:31:33','::1','Mozilla/5.0 (Windows NT 10.0; Win64; x64) AppleWebKit/537.36 (KHTML, like Gecko) Chrome/141.0.0.0 Safari/537.36',1);

--
-- Structure de la table `historique_etat_commande`
--
DROP TABLE IF EXISTS `historique_etat_commande`;
CREATE TABLE `historique_etat_commande` (
  `idHistorique` int NOT NULL AUTO_INCREMENT,
  `idCommande` int NOT NULL,
  `etat` int NOT NULL,
  `dateHeure` datetime NOT NULL,
  `infoComplementaire` text CHARACTER SET utf8mb4 COLLATE utf8mb4_general_ci NOT NULL,
  `idSalarie` int DEFAULT NULL,
  `idUtilisateur` int DEFAULT NULL,
  PRIMARY KEY (`idHistorique`)
) ENGINE=InnoDB AUTO_INCREMENT=415 DEFAULT CHARSET=utf8mb4 COLLATE=utf8mb4_general_ci;

--
-- Données de la table `historique_etat_commande`
--
INSERT INTO `historique_etat_commande` (`idHistorique`,`idCommande`,`etat`,`dateHeure`,`infoComplementaire`,`idSalarie`,`idUtilisateur`) VALUES
(1,1,2,'2025-09-07 22:44:04','Commande passée par Gerant Auto',9,-1),
(2,1,3,'2025-09-07 22:44:04','',-1,3),
(3,1,4,'2025-09-07 22:44:04','',-1,2),
(4,1,5,'2025-09-07 22:44:04','',-1,2),
(5,1,6,'2025-09-07 22:44:04','',-1,3),
(6,1,7,'2025-09-07 22:44:04','',-1,3),
(7,2,2,'2025-09-07 22:44:04','Commande passée par Gerant Auto',9,-1),
(8,2,3,'2025-09-07 22:44:04','',-1,3),
(9,2,4,'2025-09-07 22:44:04','',-1,2),
(10,3,2,'2025-09-07 22:44:04','Commande passée par Gerant Auto',9,-1),
(11,3,3,'2025-09-07 22:44:04','',-1,2),
(12,3,4,'2025-09-07 22:44:04','',-1,2),
(13,3,5,'2025-09-07 22:44:04','',-1,3),
(14,3,6,'2025-09-07 22:44:04','',-1,2),
(15,3,7,'2025-09-07 22:44:04','',-1,3),
(16,4,2,'2025-09-07 22:44:04','Commande passée par Gerant Auto',9,-1),
(17,4,3,'2025-09-07 22:44:05','',-1,3),
(18,4,4,'2025-09-07 22:44:05','',-1,3),
(19,4,5,'2025-09-07 22:44:05','',-1,3),
(20,4,6,'2025-09-07 22:44:05','',-1,2),
(21,5,2,'2025-09-07 22:44:05','Commande passée par Gerant Auto',9,-1),
(22,5,3,'2025-09-07 22:44:05','',-1,2),
(23,5,4,'2025-09-07 22:44:05','',-1,2),
(24,5,5,'2025-09-07 22:44:05','',-1,3),
(25,5,6,'2025-09-07 22:44:05','',-1,3),
(26,5,7,'2025-09-07 22:44:05','',-1,3),
(27,6,2,'2025-09-07 22:44:05','Commande passée par Gerant Auto',9,-1),
(28,7,2,'2025-09-07 22:44:05','Commande passée par Gerant Auto',9,-1),
(29,7,3,'2025-09-07 22:44:05','',-1,3),
(30,7,4,'2025-09-07 22:44:05','',-1,2),
(31,7,5,'2025-09-07 22:44:05','',-1,2),
(32,8,2,'2025-09-07 22:44:05','Commande passée par Gerant Auto',9,-1),
(33,8,3,'2025-09-07 22:44:05','',-1,3),
(34,8,4,'2025-09-07 22:44:05','',-1,3),
(35,9,2,'2025-09-07 22:44:05','Commande passée par Gerant Auto',9,-1),
(36,9,3,'2025-09-07 22:44:05','',-1,2),
(37,9,4,'2025-09-07 22:44:05','',-1,2),
(38,9,5,'2025-09-07 22:44:05','',-1,3),
(39,9,6,'2025-09-07 22:44:05','',-1,2),
(40,9,7,'2025-09-07 22:44:05','',-1,3),
(41,10,2,'2025-09-07 22:44:05','Commande passée par Gerant Auto',9,-1),
(42,10,3,'2025-09-07 22:44:05','',-1,2),
(43,10,4,'2025-09-07 22:44:05','',-1,3),
(44,11,2,'2025-09-07 22:44:05','Commande passée par Gerant Auto',9,-1),
(45,12,2,'2025-09-07 22:44:05','Commande passée par Gerant Auto',9,-1),
(46,12,3,'2025-09-07 22:44:05','',-1,2),
(47,12,4,'2025-09-07 22:44:05','',-1,2),
(48,12,5,'2025-09-07 22:44:05','',-1,2),
(49,13,2,'2025-09-07 22:44:05','Commande passée par Gerant Auto',9,-1),
(50,13,3,'2025-09-07 22:44:05','',-1,3),
(51,13,4,'2025-09-07 22:44:05','',-1,2),
(52,13,5,'2025-09-07 22:44:06','',-1,2),
(53,13,6,'2025-09-07 22:44:06','',-1,3),
(54,13,7,'2025-09-07 22:44:06','',-1,3),
(55,14,2,'2025-09-07 22:44:06','Commande passée par Vendeur Un',10,-1),
(56,14,3,'2025-09-07 22:44:06','',-1,3),
(57,14,4,'2025-09-07 22:44:06','',-1,3),
(58,14,5,'2025-09-07 22:44:06','',-1,2),
(59,14,6,'2025-09-07 22:44:06','',-1,3),
(60,14,7,'2025-09-07 22:44:06','',-1,2),
(61,15,2,'2025-09-07 22:44:06','Commande passée par Vendeur Un',10,-1),
(62,15,3,'2025-09-07 22:44:06','',-1,2),
(63,15,4,'2025-09-07 22:44:06','',-1,3),
(64,15,5,'2025-09-07 22:44:06','',-1,3),
(65,15,6,'2025-09-07 22:44:06','',-1,2),
(66,15,7,'2025-09-07 22:44:06','',-1,2),
(67,16,2,'2025-09-07 22:44:06','Commande passée par Vendeur Un',10,-1),
(68,16,3,'2025-09-07 22:44:06','',-1,2),
(69,16,4,'2025-09-07 22:44:06','',-1,2),
(70,16,5,'2025-09-07 22:44:06','',-1,2),
(71,17,2,'2025-09-07 22:44:06','Commande passée par Vendeur Un',10,-1),
(72,17,3,'2025-09-07 22:44:06','',-1,3),
(73,17,4,'2025-09-07 22:44:06','',-1,3),
(74,18,2,'2025-09-07 22:44:06','Commande passée par Vendeur Un',10,-1),
(75,18,3,'2025-09-07 22:44:06','',-1,2),
(76,19,2,'2025-09-07 22:44:06','Commande passée par Vendeur Un',10,-1),
(77,19,3,'2025-09-07 22:44:06','',-1,2),
(78,19,4,'2025-09-07 22:44:06','',-1,3),
(79,19,5,'2025-09-07 22:44:06','',-1,2),
(80,19,6,'2025-09-07 22:44:06','',-1,2),
(81,19,7,'2025-09-07 22:44:06','',-1,3),
(82,20,2,'2025-09-07 22:44:06','Commande passée par Vendeur Un',10,-1),
(83,21,2,'2025-09-07 22:44:06','Commande passée par Vendeur Un',10,-1),
(84,21,3,'2025-09-07 22:44:06','',-1,3),
(85,21,4,'2025-09-07 22:44:06','',-1,3),
(86,21,5,'2025-09-07 22:44:06','',-1,3),
(87,21,6,'2025-09-07 22:44:06','',-1,2),
(88,22,2,'2025-09-07 22:44:06','Commande passée par Vendeur Un',10,-1),
(89,22,3,'2025-09-07 22:44:06','',-1,3),
(90,23,2,'2025-09-07 22:44:07','Commande passée par Vendeur Un',10,-1),
(91,23,3,'2025-09-07 22:44:07','',-1,3),
(92,23,4,'2025-09-07 22:44:07','',-1,2),
(93,23,5,'2025-09-07 22:44:07','',-1,2),
(94,23,6,'2025-09-07 22:44:07','',-1,3),
(95,24,2,'2025-09-07 22:44:07','Commande passée par Vendeur Un',10,-1),
(96,24,3,'2025-09-07 22:44:07','',-1,3),
(97,24,4,'2025-09-07 22:44:07','',-1,3),
(98,24,5,'2025-09-07 22:44:07','',-1,2),
(99,25,2,'2025-09-07 22:44:07','Commande passée par Gerant Auto',11,-1),
(100,25,3,'2025-09-07 22:44:07','',-1,2),
(101,25,4,'2025-09-07 22:44:07','',-1,3),
(102,26,2,'2025-09-07 22:44:07','Commande passée par Gerant Auto',11,-1),
(103,26,3,'2025-09-07 22:44:07','',-1,2),
(104,26,4,'2025-09-07 22:44:07','',-1,3),
(105,26,5,'2025-09-07 22:44:07','',-1,2),
(106,27,2,'2025-09-07 22:44:07','Commande passée par Gerant Auto',11,-1),
(107,27,3,'2025-09-07 22:44:07','',-1,3),
(108,27,4,'2025-09-07 22:44:07','',-1,3),
(109,27,5,'2025-09-07 22:44:07','',-1,2),
(110,27,6,'2025-09-07 22:44:07','',-1,2),
(111,27,7,'2025-09-07 22:44:07','',-1,2),
(112,28,2,'2025-09-07 22:44:07','Commande passée par Gerant Auto',11,-1),
(113,28,3,'2025-09-07 22:44:07','',-1,2),
(114,28,4,'2025-09-07 22:44:07','',-1,3),
(115,28,5,'2025-09-07 22:44:07','',-1,3),
(116,28,6,'2025-09-07 22:44:07','',-1,3),
(117,29,2,'2025-09-07 22:44:07','Commande passée par Gerant Auto',11,-1),
(118,29,3,'2025-09-07 22:44:07','',-1,2),
(119,29,4,'2025-09-07 22:44:07','',-1,3),
(120,29,5,'2025-09-07 22:44:07','',-1,2),
(121,29,6,'2025-09-07 22:44:07','',-1,3),
(122,30,2,'2025-09-07 22:44:07','Commande passée par Gerant Auto',11,-1),
(123,30,3,'2025-09-07 22:44:07','',-1,3),
(124,30,4,'2025-09-07 22:44:07','',-1,3),
(125,30,5,'2025-09-07 22:44:07','',-1,3),
(126,30,6,'2025-09-07 22:44:07','',-1,2),
(127,30,7,'2025-09-07 22:44:07','',-1,2),
(128,31,2,'2025-09-07 22:44:07','Commande passée par Gerant Auto',11,-1),
(129,32,2,'2025-09-07 22:44:07','Commande passée par Gerant Auto',11,-1),
(130,32,3,'2025-09-07 22:44:07','',-1,2),
(131,33,2,'2025-09-07 22:44:08','Commande passée par Gerant Auto',11,-1),
(132,33,3,'2025-09-07 22:44:08','',-1,2),
(133,33,4,'2025-09-07 22:44:08','',-1,2),
(134,33,5,'2025-09-07 22:44:08','',-1,3),
(135,34,2,'2025-09-07 22:44:08','Commande passée par Gerant Auto',11,-1),
(136,34,3,'2025-09-07 22:44:08','',-1,2),
(137,35,2,'2025-09-07 22:44:08','Commande passée par Gerant Auto',11,-1),
(138,36,2,'2025-09-07 22:44:08','Commande passée par Gerant Auto',11,-1),
(139,36,3,'2025-09-07 22:44:08','',-1,2),
(140,36,4,'2025-09-07 22:44:08','',-1,3),
(141,36,5,'2025-09-07 22:44:08','',-1,3),
(142,36,6,'2025-09-07 22:44:08','',-1,2),
(143,37,2,'2025-09-07 22:44:08','Commande passée par Vendeur Un',12,-1),
(144,37,3,'2025-09-07 22:44:08','',-1,2),
(145,37,4,'2025-09-07 22:44:08','',-1,2),
(146,38,2,'2025-09-07 22:44:08','Commande passée par Vendeur Un',12,-1),
(147,38,3,'2025-09-07 22:44:08','',-1,3),
(148,38,4,'2025-09-07 22:44:08','',-1,2),
(149,38,5,'2025-09-07 22:44:08','',-1,2),
(150,38,6,'2025-09-07 22:44:08','',-1,2),
(151,38,7,'2025-09-07 22:44:08','',-1,3),
(152,39,2,'2025-09-07 22:44:08','Commande passée par Vendeur Un',12,-1),
(153,39,3,'2025-09-07 22:44:08','',-1,3),
(154,40,2,'2025-09-07 22:44:08','Commande passée par Vendeur Un',12,-1),
(155,41,2,'2025-09-07 22:44:08','Commande passée par Vendeur Un',12,-1),
(156,41,3,'2025-09-07 22:44:08','',-1,3),
(157,42,2,'2025-09-07 22:44:08','Commande passée par Vendeur Un',12,-1),
(158,42,3,'2025-09-07 22:44:08','',-1,3),
(159,42,4,'2025-09-07 22:44:08','',-1,2),
(160,42,5,'2025-09-07 22:44:08','',-1,2),
(161,42,6,'2025-09-07 22:44:08','',-1,2),
(162,42,7,'2025-09-07 22:44:08','',-1,2),
(163,43,2,'2025-09-07 22:44:09','Commande passée par Vendeur Un',12,-1),
(164,43,3,'2025-09-07 22:44:09','',-1,2),
(165,43,4,'2025-09-07 22:44:09','',-1,2),
(166,43,5,'2025-09-07 22:44:09','',-1,2),
(167,43,6,'2025-09-07 22:44:09','',-1,2),
(168,44,2,'2025-09-07 22:44:09','Commande passée par Vendeur Un',12,-1),
(169,44,3,'2025-09-07 22:44:09','',-1,3),
(170,44,4,'2025-09-07 22:44:09','',-1,3),
(171,44,5,'2025-09-07 22:44:09','',-1,3),
(172,45,2,'2025-09-07 22:44:09','Commande passée par Vendeur Un',12,-1),
(173,46,2,'2025-09-07 22:44:09','Commande passée par Vendeur Un',12,-1),
(174,46,3,'2025-09-07 22:44:09','',-1,2),
(175,46,4,'2025-09-07 22:44:09','',-1,3),
(176,46,5,'2025-09-07 22:44:09','',-1,3),
(177,47,2,'2025-09-07 22:44:09','Commande passée par Vendeur Un',12,-1),
(178,47,3,'2025-09-07 22:44:09','',-1,3),
(179,47,4,'2025-09-07 22:44:09','',-1,3),
(180,47,5,'2025-09-07 22:44:09','',-1,2),
(181,47,6,'2025-09-07 22:44:09','',-1,3),
(182,48,2,'2025-09-07 22:44:09','Commande passée par Gerant Auto',13,-1),
(183,49,2,'2025-09-07 22:44:09','Commande passée par Gerant Auto',13,-1),
(184,49,3,'2025-09-07 22:44:09','',-1,2),
(185,49,4,'2025-09-07 22:44:09','',-1,3),
(186,50,2,'2025-09-07 22:44:09','Commande passée par Gerant Auto',13,-1),
(187,51,2,'2025-09-07 22:44:09','Commande passée par Gerant Auto',13,-1),
(188,51,3,'2025-09-07 22:44:09','',-1,2),
(189,51,4,'2025-09-07 22:44:09','',-1,2),
(190,51,5,'2025-09-07 22:44:09','',-1,3),
(191,52,2,'2025-09-07 22:44:09','Commande passée par Gerant Auto',13,-1),
(192,52,3,'2025-09-07 22:44:09','',-1,3),
(193,52,4,'2025-09-07 22:44:09','',-1,2),
(194,52,5,'2025-09-07 22:44:09','',-1,3),
(195,53,2,'2025-09-07 22:44:09','Commande passée par Gerant Auto',13,-1),
(196,53,3,'2025-09-07 22:44:09','',-1,2),
(197,53,4,'2025-09-07 22:44:09','',-1,3),
(198,53,5,'2025-09-07 22:44:09','',-1,2),
(199,53,6,'2025-09-07 22:44:09','',-1,2),
(200,54,2,'2025-09-07 22:44:10','Commande passée par Gerant Auto',13,-1),
(201,54,3,'2025-09-07 22:44:10','',-1,2),
(202,54,4,'2025-09-07 22:44:10','',-1,2),
(203,54,5,'2025-09-07 22:44:10','',-1,3),
(204,55,2,'2025-09-07 22:44:10','Commande passée par Gerant Auto',13,-1),
(205,56,2,'2025-09-07 22:44:10','Commande passée par Gerant Auto',13,-1),
(206,56,3,'2025-09-07 22:44:10','',-1,2),
(207,57,2,'2025-09-07 22:44:10','Commande passée par Gerant Auto',13,-1),
(208,57,3,'2025-09-07 22:44:10','',-1,3),
(209,57,4,'2025-09-07 22:44:10','',-1,2),
(210,57,5,'2025-09-07 22:44:10','',-1,3),
(211,57,6,'2025-09-07 22:44:10','',-1,3),
(212,57,7,'2025-09-07 22:44:10','',-1,3),
(213,58,2,'2025-09-07 22:44:10','Commande passée par Gerant Auto',13,-1),
(214,58,3,'2025-09-07 22:44:10','',-1,2),
(215,59,2,'2025-09-07 22:44:10','Commande passée par Vendeur Un',14,-1),
(216,59,3,'2025-09-07 22:44:10','',-1,2),
(217,59,4,'2025-09-07 22:44:10','',-1,2),
(218,59,5,'2025-09-07 22:44:10','',-1,2),
(219,59,6,'2025-09-07 22:44:10','',-1,2),
(220,59,7,'2025-09-07 22:44:10','',-1,3),
(221,60,2,'2025-09-07 22:44:10','Commande passée par Vendeur Un',14,-1),
(222,60,3,'2025-09-07 22:44:10','',-1,2),
(223,60,4,'2025-09-07 22:44:10','',-1,2),
(224,60,5,'2025-09-07 22:44:10','',-1,3),
(225,60,6,'2025-09-07 22:44:10','',-1,2),
(226,61,2,'2025-09-07 22:44:10','Commande passée par Vendeur Un',14,-1),
(227,61,3,'2025-09-07 22:44:10','',-1,2),
(228,61,4,'2025-09-07 22:44:10','',-1,3),
(229,62,2,'2025-09-07 22:44:10','Commande passée par Vendeur Un',14,-1),
(230,62,3,'2025-09-07 22:44:10','',-1,2),
(231,62,4,'2025-09-07 22:44:10','',-1,3),
(232,62,5,'2025-09-07 22:44:10','',-1,2),
(233,62,6,'2025-09-07 22:44:10','',-1,3),
(234,62,7,'2025-09-07 22:44:10','',-1,2),
(235,63,2,'2025-09-07 22:44:11','Commande passée par Vendeur Un',14,-1),
(236,64,2,'2025-09-07 22:44:11','Commande passée par Vendeur Un',14,-1),
(237,64,3,'2025-09-07 22:44:11','',-1,2),
(238,65,2,'2025-09-07 22:44:11','Commande passée par Vendeur Un',14,-1),
(239,65,3,'2025-09-07 22:44:11','',-1,2),
(240,65,4,'2025-09-07 22:44:11','',-1,3),
(241,65,5,'2025-09-07 22:44:11','',-1,3),
(242,65,6,'2025-09-07 22:44:11','',-1,3),
(243,65,7,'2025-09-07 22:44:11','',-1,2),
(244,66,2,'2025-09-07 22:44:11','Commande passée par Vendeur Un',14,-1),
(245,67,2,'2025-09-07 22:44:11','Commande passée par Vendeur Un',14,-1),
(246,67,3,'2025-09-07 22:44:11','',-1,3),
(247,67,4,'2025-09-07 22:44:11','',-1,3),
(248,67,5,'2025-09-07 22:44:11','',-1,2),
(249,67,6,'2025-09-07 22:44:11','',-1,3),
(250,68,2,'2025-09-07 22:44:11','Commande passée par Vendeur Un',14,-1),
(251,69,2,'2025-09-07 22:44:11','Commande passée par Vendeur Un',14,-1),
(252,69,3,'2025-09-07 22:44:11','',-1,2),
(253,69,4,'2025-09-07 22:44:11','',-1,3),
(254,70,2,'2025-09-07 22:44:11','Commande passée par Vendeur Un',14,-1),
(255,71,2,'2025-09-07 22:44:11','Commande passée par Vendeur Un',14,-1),
(256,72,2,'2025-09-07 22:44:11','Commande passée par Vendeur Un',14,-1),
(257,72,3,'2025-09-07 22:44:11','',-1,2),
(258,72,4,'2025-09-07 22:44:11','',-1,3),
(259,72,5,'2025-09-07 22:44:11','',-1,3),
(260,73,2,'2025-09-07 22:44:11','Commande passée par Gerant Auto',15,-1),
(261,73,3,'2025-09-07 22:44:11','',-1,3),
(262,73,4,'2025-09-07 22:44:11','',-1,2),
(263,74,2,'2025-09-07 22:44:11','Commande passée par Gerant Auto',15,-1),
(264,74,3,'2025-09-07 22:44:11','',-1,3),
(265,75,2,'2025-09-07 22:44:11','Commande passée par Gerant Auto',15,-1),
(266,75,3,'2025-09-07 22:44:11','',-1,3),
(267,75,4,'2025-09-07 22:44:12','',-1,3),
(268,75,5,'2025-09-07 22:44:12','',-1,3),
(269,76,2,'2025-09-07 22:44:12','Commande passée par Gerant Auto',15,-1),
(270,76,3,'2025-09-07 22:44:12','',-1,2),
(271,76,4,'2025-09-07 22:44:12','',-1,3),
(272,76,5,'2025-09-07 22:44:12','',-1,2),
(273,76,6,'2025-09-07 22:44:12','',-1,2),
(274,77,2,'2025-09-07 22:44:12','Commande passée par Gerant Auto',15,-1),
(275,77,3,'2025-09-07 22:44:12','',-1,2),
(276,77,4,'2025-09-07 22:44:12','',-1,3),
(277,77,5,'2025-09-07 22:44:12','',-1,3),
(278,77,6,'2025-09-07 22:44:12','',-1,3),
(279,78,2,'2025-09-07 22:44:12','Commande passée par Gerant Auto',15,-1),
(280,78,3,'2025-09-07 22:44:12','',-1,3),
(281,78,4,'2025-09-07 22:44:12','',-1,3),
(282,78,5,'2025-09-07 22:44:12','',-1,3),
(283,78,6,'2025-09-07 22:44:12','',-1,3),
(284,79,2,'2025-09-07 22:44:12','Commande passée par Gerant Auto',15,-1),
(285,79,3,'2025-09-07 22:44:12','',-1,3),
(286,79,4,'2025-09-07 22:44:12','',-1,2),
(287,79,5,'2025-09-07 22:44:12','',-1,3),
(288,79,6,'2025-09-07 22:44:12','',-1,3),
(289,80,2,'2025-09-07 22:44:12','Commande passée par Gerant Auto',15,-1),
(290,80,3,'2025-09-07 22:44:12','',-1,2),
(291,80,4,'2025-09-07 22:44:12','',-1,2),
(292,80,5,'2025-09-07 22:44:12','',-1,2),
(293,80,6,'2025-09-07 22:44:12','',-1,3),
(294,81,2,'2025-09-07 22:44:12','Commande passée par Gerant Auto',15,-1),
(295,81,3,'2025-09-07 22:44:12','',-1,2),
(296,82,2,'2025-09-07 22:44:12','Commande passée par Gerant Auto',15,-1),
(297,83,2,'2025-09-07 22:44:12','Commande passée par Vendeur Un',16,-1),
(298,84,2,'2025-09-07 22:44:12','Commande passée par Vendeur Un',16,-1),
(299,84,3,'2025-09-07 22:44:12','',-1,2),
(300,84,4,'2025-09-07 22:44:12','',-1,3),
(301,84,5,'2025-09-07 22:44:12','',-1,2),
(302,84,6,'2025-09-07 22:44:12','',-1,2),
(303,84,7,'2025-09-07 22:44:12','',-1,3),
(304,85,2,'2025-09-07 22:44:13','Commande passée par Vendeur Un',16,-1),
(305,85,3,'2025-09-07 22:44:13','',-1,2),
(306,85,4,'2025-09-07 22:44:13','',-1,2),
(307,85,5,'2025-09-07 22:44:13','',-1,2),
(308,85,6,'2025-09-07 22:44:13','',-1,2),
(309,86,2,'2025-09-07 22:44:13','Commande passée par Vendeur Un',16,-1),
(310,86,3,'2025-09-07 22:44:13','',-1,3),
(311,86,4,'2025-09-07 22:44:13','',-1,2),
(312,86,5,'2025-09-07 22:44:13','',-1,2),
(313,86,6,'2025-09-07 22:44:13','',-1,3),
(314,86,7,'2025-09-07 22:44:13','',-1,3),
(315,87,2,'2025-09-07 22:44:13','Commande passée par Vendeur Un',16,-1),
(316,88,2,'2025-09-07 22:44:13','Commande passée par Vendeur Un',16,-1),
(317,88,3,'2025-09-07 22:44:13','',-1,2),
(318,88,4,'2025-09-07 22:44:13','',-1,3),
(319,88,5,'2025-09-07 22:44:13','',-1,3),
(320,88,6,'2025-09-07 22:44:13','',-1,3),
(321,88,7,'2025-09-07 22:44:13','',-1,3),
(322,89,2,'2025-09-07 22:44:13','Commande passée par Vendeur Un',16,-1),
(323,89,3,'2025-09-07 22:44:13','',-1,3),
(324,90,2,'2025-09-07 22:44:13','Commande passée par Vendeur Un',16,-1),
(325,90,3,'2025-09-07 22:44:13','',-1,2),
(326,90,4,'2025-09-07 22:44:13','',-1,2),
(327,90,5,'2025-09-07 22:44:13','',-1,3),
(328,90,6,'2025-09-07 22:44:13','',-1,3),
(329,91,2,'2025-09-07 22:44:13','Commande passée par Vendeur Un',16,-1),
(330,92,2,'2025-09-07 22:44:13','Commande passée par Vendeur Un',16,-1),
(331,92,3,'2025-09-07 22:44:13','',-1,2),
(332,92,4,'2025-09-07 22:44:13','',-1,3),
(333,92,5,'2025-09-07 22:44:13','',-1,2),
(334,93,2,'2025-09-07 22:44:13','Commande passée par Gerant Auto',17,-1),
(335,93,3,'2025-09-07 22:44:13','',-1,3),
(336,94,2,'2025-09-07 22:44:13','Commande passée par Gerant Auto',17,-1),
(337,94,3,'2025-09-07 22:44:13','',-1,2),
(338,95,2,'2025-09-07 22:44:13','Commande passée par Gerant Auto',17,-1),
(339,95,3,'2025-09-07 22:44:14','',-1,3),
(340,95,4,'2025-09-07 22:44:14','',-1,3),
(341,95,5,'2025-09-07 22:44:14','',-1,2),
(342,95,6,'2025-09-07 22:44:14','',-1,2),
(343,96,2,'2025-09-07 22:44:14','Commande passée par Gerant Auto',17,-1),
(344,96,3,'2025-09-07 22:44:14','',-1,2),
(345,96,4,'2025-09-07 22:44:14','',-1,3),
(346,96,5,'2025-09-07 22:44:14','',-1,3),
(347,96,6,'2025-09-07 22:44:14','',-1,2),
(348,96,7,'2025-09-07 22:44:14','',-1,3),
(349,97,2,'2025-09-07 22:44:14','Commande passée par Gerant Auto',17,-1),
(350,97,3,'2025-09-07 22:44:14','',-1,3),
(351,97,4,'2025-09-07 22:44:14','',-1,3),
(352,97,5,'2025-09-07 22:44:14','',-1,3),
(353,97,6,'2025-09-07 22:44:14','',-1,3),
(354,98,2,'2025-09-07 22:44:14','Commande passée par Gerant Auto',17,-1),
(355,98,3,'2025-09-07 22:44:14','',-1,3),
(356,99,2,'2025-09-07 22:44:14','Commande passée par Gerant Auto',17,-1),
(357,99,3,'2025-09-07 22:44:14','',-1,3),
(358,99,4,'2025-09-07 22:44:14','',-1,2),
(359,100,2,'2025-09-07 22:44:14','Commande passée par Gerant Auto',17,-1),
(360,100,3,'2025-09-07 22:44:14','',-1,2),
(361,100,4,'2025-09-07 22:44:14','',-1,3),
(362,100,5,'2025-09-07 22:44:14','',-1,3),
(363,100,6,'2025-09-07 22:44:14','',-1,3),
(364,101,2,'2025-09-07 22:44:14','Commande passée par Gerant Auto',17,-1),
(365,101,3,'2025-09-07 22:44:14','',-1,3),
(366,101,4,'2025-09-07 22:44:14','',-1,3),
(367,101,5,'2025-09-07 22:44:14','',-1,2),
(368,102,2,'2025-09-07 22:44:14','Commande passée par Gerant Auto',17,-1),
(369,102,3,'2025-09-07 22:44:14','',-1,2),
(370,102,4,'2025-09-07 22:44:14','',-1,3),
(371,102,5,'2025-09-07 22:44:14','',-1,3),
(372,102,6,'2025-09-07 22:44:14','',-1,3),
(373,102,7,'2025-09-07 22:44:14','',-1,3),
(374,103,2,'2025-09-07 22:44:14','Commande passée par Gerant Auto',17,-1),
(375,104,2,'2025-09-07 22:44:14','Commande passée par Gerant Auto',17,-1),
(376,104,3,'2025-09-07 22:44:15','',-1,3),
(377,105,2,'2025-09-07 22:44:15','Commande passée par Vendeur Un',18,-1),
(378,105,3,'2025-09-07 22:44:15','',-1,3),
(379,106,2,'2025-09-07 22:44:15','Commande passée par Vendeur Un',18,-1),
(380,106,3,'2025-09-07 22:44:15','',-1,2),
(381,106,4,'2025-09-07 22:44:15','',-1,2),
(382,106,5,'2025-09-07 22:44:15','',-1,2),
(383,106,6,'2025-09-07 22:44:15','',-1,2),
(384,106,7,'2025-09-07 22:44:15','',-1,2),
(385,107,2,'2025-09-07 22:44:15','Commande passée par Vendeur Un',18,-1),
(386,107,3,'2025-09-07 22:44:15','',-1,2),
(387,108,2,'2025-09-07 22:44:15','Commande passée par Vendeur Un',18,-1),
(388,108,3,'2025-09-07 22:44:15','',-1,3),
(389,109,2,'2025-09-07 22:44:15','Commande passée par Vendeur Un',18,-1),
(390,109,3,'2025-09-07 22:44:15','',-1,3),
(391,109,4,'2025-09-07 22:44:15','',-1,3),
(392,109,5,'2025-09-07 22:44:15','',-1,2),
(393,109,6,'2025-09-07 22:44:15','',-1,2),
(394,109,7,'2025-09-07 22:44:15','',-1,3),
(395,110,2,'2025-09-07 22:44:15','Commande passée par Vendeur Un',18,-1),
(396,111,2,'2025-09-07 22:44:15','Commande passée par Vendeur Un',18,-1),
(397,111,3,'2025-09-07 22:44:15','',-1,2),
(398,112,2,'2025-09-07 22:44:15','Commande passée par Vendeur Un',18,-1),
(399,113,2,'2025-09-07 22:44:15','Commande passée par Vendeur Un',18,-1),
(400,113,3,'2025-09-07 22:44:15','',-1,3),
(401,113,4,'2025-09-07 22:44:15','',-1,2),
(402,113,5,'2025-09-07 22:44:15','',-1,3),
(403,113,6,'2025-09-07 22:44:15','',-1,3),
(404,114,2,'2025-09-07 22:44:15','Commande passée par Vendeur Un',18,-1),
(405,114,3,'2025-09-07 22:44:15','',-1,2),
(406,114,4,'2025-09-07 22:44:15','',-1,3),
(407,114,5,'2025-09-07 22:44:15','',-1,2),
(408,114,6,'2025-09-07 22:44:15','',-1,2),
(409,115,2,'2025-09-07 22:44:16','Commande passée par Vendeur Un',18,-1),
(410,115,3,'2025-09-07 22:44:16','',-1,3),
(411,115,4,'2025-09-07 22:44:16','',-1,3),
(412,115,5,'2025-09-07 22:44:16','',-1,2),
(413,115,6,'2025-09-07 22:44:16','',-1,3),
(414,115,7,'2025-09-07 22:44:16','',-1,2);

--
-- Structure de la table `produit`
--
DROP TABLE IF EXISTS `produit`;
CREATE TABLE `produit` (
  `idProduit` int NOT NULL AUTO_INCREMENT,
  `nom` text CHARACTER SET utf8mb4 COLLATE utf8mb4_general_ci NOT NULL,
  `description` text CHARACTER SET utf8mb4 COLLATE utf8mb4_general_ci NOT NULL,
  `resume` text CHARACTER SET utf8mb4 COLLATE utf8mb4_general_ci NOT NULL,
  `fichierImage` text CHARACTER SET utf8mb4 COLLATE utf8mb4_general_ci NOT NULL,
  `prixCatalogueHT` decimal(10,0) NOT NULL,
  `idCategorie` int NOT NULL,
  `idTVA` decimal(10,0) NOT NULL,
  `desactiverProduit` tinyint(1) NOT NULL,
  `reference` text CHARACTER SET utf8mb4 COLLATE utf8mb4_general_ci,
  PRIMARY KEY (`idProduit`),
  KEY `FK_produit` (`idCategorie`),
  CONSTRAINT `FK_produit` FOREIGN KEY (`idCategorie`) REFERENCES `categorie` (`idCategorie`)
) ENGINE=InnoDB AUTO_INCREMENT=254 DEFAULT CHARSET=utf8mb4 COLLATE=utf8mb4_general_ci;

--
-- Données de la table `produit`
--
INSERT INTO `produit` (`idProduit`,`nom`,`description`,`resume`,`fichierImage`,`prixCatalogueHT`,`idCategorie`,`idTVA`,`desactiverProduit`,`reference`) VALUES
(128,'Symphonie','Raisin de Corynthe, Cynorrhodon, Hibiscus, Orange, Ananas, Papaye, arômes ','Raisin de Corynthe, Cynorrhodon, Hibiscus, Orange, Ananas, Papaye, arômes ','vign_infu_symphonie_800px.jpg ',6,11,3,0,NULL),
(129,'Cerise sauvage ','Pomme, Cynorrhodon, Hibiscus, Cerise sauvage (3%), arômes ','Pomme, Cynorrhodon, Hibiscus, Cerise sauvage (3%), arômes ','vign_infu_cerise_sauvage_800px.jpg ',6,11,3,0,NULL),
(130,'Digestive ','Menthe Poivrée BIO plante, Mélisse BIO plante, Angélique BIO fruit, Anis Vert BIO fruit, Fenouil BIO fruit ','Menthe Poivrée BIO plante, Mélisse BIO plante, Angélique BIO fruit, Anis Vert BIO fruit, Fenouil BIO fruit ','vign_infu_digestive_800px.jpg ',6,11,3,0,NULL),
(131,'Infusion Au clair de la Lune ','Oranger Doux feuille, Passiflore des Indes, Mélisse, Verveine Odorante, Aspérule Odorante ','Oranger Doux feuille, Passiflore des Indes, Mélisse, Verveine Odorante, Aspérule Odorante ','vign_infu_au_clair_lune_800px.jpg ',6,11,3,0,NULL),
(132,'Infusion Camomille bio ','Camomille Bio ','Camomille Bio ','vign_infu_camomille_800px.jpg ',6,11,3,0,NULL),
(133,'Infusion Tilleul ','Tilleul ','Tilleul ','vign_infu_tilleul_800px.jpg ',6,11,3,0,NULL),
(134,'Infusion Verveine Bio ','Verveine Bio ','Verveine Bio ','vign_infu_verveine_800px.jpg ',6,11,3,0,NULL),
(135,'La délicieuse ','Verveine, Menthe Poivrée, Mélisse, Réglisse ','Verveine, Menthe Poivrée, Mélisse, Réglisse ','vign_infu_la_delicieuse_800px.jpg ',6,11,3,0,NULL),
(147,'Tisane de Noël ','Cannelle, Orange Douce, Badiane, Hibiscus, Orange Amère, Cardamome  ','Cannelle, Orange Douce, Badiane, Hibiscus, Orange Amère, Cardamome  ','vign_infu_tisane_de_noel_800px.jpg ',6,11,3,0,NULL),
(148,'Transit ','Anis Vert, Menthe Douce, Citronnelle ','Anis Vert, Menthe Douce, Citronnelle ','vign_infu_transit_800px.jpg ',6,11,3,0,NULL),
(149,'Zen ','Oranger Doux pétale, Passiflore des Indes, Camomille Matricaire, Mélisse, Coquelicot ','Oranger Doux pétale, Passiflore des Indes, Camomille Matricaire, Mélisse, Coquelicot ',' ',6,11,3,0,NULL),
(150,'Infusion Camomille Bio 50g ',' ',' ','vign_infu_camomille_800px.jpg ',7,12,3,0,NULL),
(151,'Infusion Cassis ',' ',' ','vign_infu_cassis_800px.jpg ',7,12,3,0,NULL),
(152,'Infusion Mangue ',' ',' ','vign_infu_mangue_800px.jpg ',7,12,3,0,NULL),
(153,'Infusion Menthe Poivrée Bio 50g ',' ',' ','vign_infu_menthe_800px.jpg ',7,12,3,0,NULL),
(154,'Thé noir caramel beurre salé ',' ',' ','vign_the_noir_caram_beur_sal_800px.jpg ',7,16,3,0,NULL),
(155,'Darjeeling First Flush. Leaf Blend  ',' ',' ','vign_darjeeling_first_flush_800px.jpg ',8,16,3,0,NULL),
(156,'English Breakfast ',' ',' ','vign_english_breakfast_800px.jpg ',7,16,3,0,NULL),
(165,'Roiboos bergamote ',' ',' ','vign_infu_rooibos_bergamote_800px.jpg ',8,20,3,0,NULL),
(166,'Rooibos Aloe verra melon ',' ',' ','vign_infu_rooibos_aloe_vera_melon_800px.jpg ',8,20,3,0,NULL),
(167,'Rooibos Cranberry vanille ',' ',' ','vign_infu_rooibos_cranberry_vanille_800px.jpg ',8,20,3,0,NULL),
(168,'Rooibos Rhubarbe framboise ',' ',' ','vign_infu_rooibos_rhubarbe_framb_800px.jpg ',8,20,3,0,NULL),
(169,'Thé blanc chine (50g) ',' ',' ','vign_the_blanc_chine_800px.jpg ',6,16,3,0,NULL),
(170,'Thé noir Ceylan ',' ',' ','vign_the_noir_ceylan_800px.jpg ',11,16,3,0,NULL),
(171,'Thé noir Chine ',' ',' ','vign_the_noir_chine_800px.jpg ',7,16,3,0,NULL),
(172,'Thé noir fruits rouges ',' ',' ','vign_the_noir_fruits_rouges_800px.jpg ',7,16,3,0,NULL),
(173,'Thé noir Inde ',' ',' ','vign_the_noir_inde_800px.jpg ',7,16,3,0,NULL),
(174,'Thé noir Mangue ',' ',' ','vign_the_noir_mangue_800px.jpg ',7,16,3,0,NULL),
(175,'Thé noir orange ',' ',' ','vign_the_noir_orange_800px.jpg ',7,16,3,0,NULL),
(176,'Thé noir péche ',' ',' ','vign_the_noir_peche_800px.jpg ',7,16,3,0,NULL),
(177,'Thé vert citron jasmin ',' ',' ','vign_the_vert_jasmin_800px.jpg ',7,16,3,0,NULL),
(178,'Thé vert fraise leetchi ',' ',' ','vign_the_vert_fraise_litchi_800px.jpg ',7,16,3,0,NULL),
(179,'Thé vert Inde ',' ',' ','vign_the_vert_inde_800px.jpg ',9,16,3,0,NULL),
(180,'Thé vert Japon (50g) ',' ',' ','vign_the_vert_japon_800px.jpg ',6,16,3,0,NULL),
(181,'Thé vert jasmin ',' ',' ','vign_the_vert_jasmin_800px.jpg ',7,16,3,0,NULL),
(182,'Thé vert mangue ananas ',' ',' ','vign_the_vert_mangue_ananas_800px.jpg ',7,16,3,0,NULL),
(183,'Thé vert poire ',' ',' ','vign_the_vert_poire_800px.jpg ',7,16,3,0,NULL),
(184,'Thé vert Vanille jasmin ',' ',' ','vign_the_vert_vanille_jasmin_800px.jpg ',7,16,3,0,NULL),
(185,'Thé vert vietnam ',' ',' ','vign_the_vert_vietnam_800px.jpg ',7,16,3,0,NULL),
(196,'Colombie ','Issu d\'un microlot de Colombie, ce café vous ravira par ses notes subtiles et suaves ','Issu d\'un microlot de Colombie, ce café vous ravira par ses notes subtiles et suaves<br>Arômes : Amandes, Chocolat, Fruits secs, Citron<br>Altitude : 1800m<br>Localisation : Huila<br>Variétés : Castillo, Typica <br>Process : Lavé ','capsule_colombie_800.jpg ',25,17,3,0,NULL),
(197,'Brésil ','Premier pays producteur de café, ce cru du Brésil de chez Daterra vous surprendra par ses notes sucrées et fruitées. ','Premier pays producteur de café, ce cru du Brésil de chez Daterra vous surprendra par ses notes sucrées et fruitées.<br>Arômes : Noix de pécan, mûre, baies, chocolat<br>Altitude : 1300-1800m<br>Localisation : Cerrado Miineiro<br>Variétés : Caturra/Moka<br>Process : Natural ','capsule_bresil_800.jpg ',25,17,3,0,NULL),
(198,'Ethiopie Yrgacheffe ','Issu de la célèbre région d\'Ethiopie Yrgacheffe, ce café est récolté  à pleine maturité, puis laissé fermenter sous eau de 24  à 36 heures afin de développer ses arômes d\'une rare délicatesse ','Issu de la célèbre région d\'Ethiopie Yrgacheffe, ce café est récolté  à pleine maturité, puis laissé fermenter sous eau de 24  à 36 heures afin de développer ses arômes d\'une rare délicatesse<br>Arômes : Floral, agrumes, bergamote<br>Altitude : 1750-2000m<br>Localisation : Chelbessa Woreda, Gedeb District<br>Variétés : Variétés sauvages locales<br>Process : Lavé ','capsule_ethiopie_800.jpg ',25,17,3,0,NULL),
(201,'Mexique Décaféiné ','Un décaféiné mexicain issu d\'un process naturel  à l\'eau et crédité du label biologiqueLabel : Bio ','Un décaféiné mexicain issu d\'un process naturel  à l\'eau et crédité du label biologiqueLabel : Bio<br>Arômes : Cannelle, caramel clair, épices, vanille <br>Altitude : 1100-1700m<br>Localisation : Altos de chiapas <br>Variétés : Bourbon, Mundo Novo, Pacas, Typica <br>Process : Swisswater ','capsule_mexique_800.jpg ',25,17,3,0,NULL),
(202,'Pérou El Palto ','L\'association JUMARP qui gère cette coopérative a pour objectifs d\'aider fiancièrement les producteurs et d\'améliorer leurs conditions de travail mais aussi en finan├ºant  la construction d\'école Label : Bio ','L\'association JUMARP qui gère cette coopérative a pour objectifs d\'aider fiancièrement les producteurs et d\'améliorer leurs conditions de travail mais aussi en finan├ºant  la construction d\'école Label : Bio<br>Arômes : Chocolat au lait, orange, acidité délicate<br>Altitude : 1300-1800m<br>Localisation : Yamon district / Département Amazonie<br>Variétés : Caturra/Typica/Catimor<br>Process : Lavé ','capsule_perou_800.jpg ',25,17,3,0,NULL),
(203,'Blend de la Brûlerie ','Un café rond et subtil 100% arabica avec ses notes de chocolat et de fruits secs ','Un café rond et subtil 100% arabica avec ses notes de chocolat et de fruits secs<br>Variétés : Arabica ','capsule_blend_brulerie_800.jpg ',25,17,3,0,NULL),
(204,'Mélange italien ','Un café corsé comme dans la tradition italienne avec ses notes de cacao et animal ','Un café corsé comme dans la tradition italienne avec ses notes de cacao et animal<br>Variétés : Arabica et Robusta ','capsule_melange_italien_800.jpg ',25,17,3,0,NULL),
(206,'Colombie ','Issu d\'un microlot de Colombie, ce café vous ravira par ses notes subtiles et suaves ','Issu d\'un microlot de Colombie, ce café vous ravira par ses notes subtiles et suaves<br>Arômes : Amandes, Chocolat, Fruits secs, Citron<br>Altitude : 1800m<br>Localisation : Huila<br>Variétés : Castillo, Typica <br>Process : Lavé ','colombie_800_cafe_grain.jpg ',25,18,3,0,NULL),
(207,'Brésil ','Premier pays producteur de café, ce cru du Brésil de chez Daterra vous surprendra par ses notes sucrées et fruitées. ','Premier pays producteur de café, ce cru du Brésil de chez Daterra vous surprendra par ses notes sucrées et fruitées.<br>Arômes : Noix de pécan, mûre, baies, chocolat<br>Altitude : 1300-1800m<br>Localisation : Cerrado Miineiro<br>Variétés : Caturra/Moka<br>Process : Natural ','bresil_800_cafe_grain.jpg ',25,18,3,0,NULL),
(208,'Ethiopie Yrgacheffe ','Issu de la célèbre région d\'Ethiopie Yrgacheffe, ce café est récolté  à pleine maturité, puis laissé fermenter sous eau de 24  à 36 heures afin de développer ses arômes d\'une rare délicatesse ','Issu de la célèbre région d\'Ethiopie Yrgacheffe, ce café est récolté  à pleine maturité, puis laissé fermenter sous eau de 24  à 36 heures afin de développer ses arômes d\'une rare délicatesse<br>Arômes : Floral, agrumes, bergamote<br>Altitude : 1750-2000m<br>Localisation : Chelbessa Woreda, Gedeb District<br>Variétés : Variétés sauvages locales<br>Process : Lavé ','ethiopie_800_cafe_grain.jpg ',25,18,3,0,NULL),
(210,'Guji Ethiopie naturel ','Berceau du café, ce cru produit dans la région de Guji est séché naturellement au soleil pour transférer les sucres présent dans la chair du fruit au grain de café ','Berceau du café, ce cru produit dans la région de Guji est séché naturellement au soleil pour transférer les sucres présent dans la chair du fruit au grain de café<br>Arômes : Chocolat noir, cerise, fraise<br>Altitude : 1900-2000m<br>Localisation : Guji<br>Variétés : Heirloom<br>Process : Naturel ','ethiopie_800_cafe_grain.jpg ',25,18,3,0,NULL),
(211,'Mexique Décaféiné ','Un décaféiné mexicain issu d\'un process naturel  à l\'eau et crédité du label biologiqueLabel : Bio ','Un décaféiné mexicain issu d\'un process naturel  à l\'eau et crédité du label biologiqueLabel : Bio<br>Arômes : Cannelle, caramel clair, épices, vanille <br>Altitude : 1100-1700m<br>Localisation : Altos de chiapas <br>Variétés : Bourbon, Mundo Novo, Pacas, Typica <br>Process : Swisswater ','mexique_800_cafe_grain.jpg ',25,18,3,0,NULL),
(212,'Pérou El Palto ','L\'association JUMARP qui gère cette coopérative a pour objectifs d\'aider fiancièrement les producteurs et d\'améliorer leurs conditions de travail mais aussi en finan├ºant  la construction d\'école Label : Bio ','L\'association JUMARP qui gère cette coopérative a pour objectifs d\'aider fiancièrement les producteurs et d\'améliorer leurs conditions de travail mais aussi en finan├ºant  la construction d\'école Label : Bio<br>Arômes : Chocolat au lait, orange, acidité délicate<br>Altitude : 1300-1800m<br>Localisation : Yamon district / Département Amazonie<br>Variétés : Caturra/Typica/Catimor<br>Process : Lavé ','perou_800_cafe_grain.jpg ',25,18,3,0,NULL),
(213,'Blend de la Brûlerie ','Un café rond et subtil 100% arabica avec ses notes de chocolat et de fruits secs ','Un café rond et subtil 100% arabica avec ses notes de chocolat et de fruits secs<br>Variétés : Arabica ','blend_brulerie_800_cafe_grain.jpg ',25,18,3,0,NULL),
(214,'Mélange italien ','Un café corsé comme dans la tradition italienne avec ses notes de cacao et animal ','Un café corsé comme dans la tradition italienne avec ses notes de cacao et animal<br>Variétés : Arabica et Robusta ','melange_italien_800_cafe_grain.jpg ',25,18,3,0,NULL),
(216,'Colombie ','Issu d\'un microlot de Colombie, ce café vous ravira par ses notes subtiles et suaves ','Issu d\'un microlot de Colombie, ce café vous ravira par ses notes subtiles et suaves<br>Arômes : Amandes, Chocolat, Fruits secs, Citron<br>Altitude : 1800m<br>Localisation : Huila<br>Variétés : Castillo, Typica <br>Process : Lavé ','colombie_800_cafe_grain.jpg ',25,19,3,0,NULL),
(217,'Brésil ','Premier pays producteur de café, ce cru du Brésil de chez Daterra vous surprendra par ses notes sucrées et fruitées. ','Premier pays producteur de café, ce cru du Brésil de chez Daterra vous surprendra par ses notes sucrées et fruitées.<br>Arômes : Noix de pécan, mûre, baies, chocolat<br>Altitude : 1300-1800m<br>Localisation : Cerrado Miineiro<br>Variétés : Caturra/Moka<br>Process : Natural ','bresil_800_cafe_grain.jpg ',25,19,3,0,NULL),
(218,'Ethiopie Yrgacheffe ','Issu de la célèbre région d\'Ethiopie Yrgacheffe, ce café est récolté  à pleine maturité, puis laissé fermenter sous eau de 24  à 36 heures afin de développer ses arômes d\'une rare délicatesse ','Issu de la célèbre région d\'Ethiopie Yrgacheffe, ce café est récolté  à pleine maturité, puis laissé fermenter sous eau de 24  à 36 heures afin de développer ses arômes d\'une rare délicatesse<br>Arômes : Floral, agrumes, bergamote<br>Altitude : 1750-2000m<br>Localisation : Chelbessa Woreda, Gedeb District<br>Variétés : Variétés sauvages locales<br>Process : Lavé ','ethiopie_800_cafe_grain.jpg ',25,19,3,0,NULL),
(220,'Guji Ethiopie naturel ','Berceau du café, ce cru produit dans la région de Guji est séché naturellement au soleil pour transférer les sucres présent dans la chair du fruit au grain de café ','Berceau du café, ce cru produit dans la région de Guji est séché naturellement au soleil pour transférer les sucres présent dans la chair du fruit au grain de café<br>Arômes : Chocolat noir, cerise, fraise<br>Altitude : 1900-2000m<br>Localisation : Guji<br>Variétés : Heirloom<br>Process : Naturel ','ethiopie_800_cafe_grain.jpg ',25,19,3,0,NULL),
(221,'Mexique Décaféiné ','Un décaféiné mexicain issu d\'un process naturel  à l\'eau et crédité du label biologiqueLabel : Bio ','Un décaféiné mexicain issu d\'un process naturel  à l\'eau et crédité du label biologiqueLabel : Bio<br>Arômes : Cannelle, caramel clair, épices, vanille <br>Altitude : 1100-1700m<br>Localisation : Altos de chiapas <br>Variétés : Bourbon, Mundo Novo, Pacas, Typica <br>Process : Swisswater ','mexique_800_cafe_grain.jpg ',25,19,3,0,NULL),
(222,'Pérou El Palto ','L\'association JUMARP qui gère cette coopérative a pour objectifs d\'aider fiancièrement les producteurs et d\'améliorer leurs conditions de travail mais aussi en finan├ºant  la construction d\'école Label : Bio ','L\'association JUMARP qui gère cette coopérative a pour objectifs d\'aider fiancièrement les producteurs et d\'améliorer leurs conditions de travail mais aussi en finan├ºant  la construction d\'école Label : Bio<br>Arômes : Chocolat au lait, orange, acidité délicate<br>Altitude : 1300-1800m<br>Localisation : Yamon district / Département Amazonie<br>Variétés : Caturra/Typica/Catimor<br>Process : Lavé ','perou_800_cafe_grain.jpg ',25,19,3,0,NULL),
(223,'Blend de la Brûlerie ','Un café rond et subtil 100% arabica avec ses notes de chocolat et de fruits secs ','Un café rond et subtil 100% arabica avec ses notes de chocolat et de fruits secs<br>Variétés : Arabica ','blend_brulerie_800_cafe_grain.jpg ',25,19,3,0,NULL),
(224,'Mélange italien ','Un café corsé comme dans la tradition italienne avec ses notes de cacao et animal ','Un café corsé comme dans la tradition italienne avec ses notes de cacao et animal<br>Variétés : Arabica et Robusta ','melange_italien_800_cafe_grain.jpg ',25,19,3,0,NULL),
(225,'Infusion Noix de coco aloé vera ',' ',' ','vign_infu_noix_coco_aloe_vera_800px.jpg ',7,12,3,0,NULL),
(226,'Infusion Pina Colada ',' ',' ','vign_infu_pina_colada_800px.jpg ',7,12,3,0,NULL),
(227,'Infusion Poire cannelle ',' ',' ','vign_infu_poire_canelle_800px.jpg ',7,12,3,0,NULL),
(228,'Infusion Tilleul Bio 50g ',' ',' ','vign_infu_tilleul_800px.jpg ',7,12,3,0,NULL),
(229,'Thé blanc Bai Mu Dan ','Thé blanc de Chine ','Thé blanc de Chine ','vign_the_blanc_bai_mu_dan_800px.jpg ',6,15,3,0,NULL),
(230,'Thé Earl Grey ','Thé noir romatisé  à la bergamote ','Thé noir romatisé  à la bergamote ','vign_earl_grey_800px.jpg ',6,15,3,0,NULL),
(231,'Thé noir Lendemain de fête ','Thé Noir, Badiane, Tilleul Aubier, Gingembre, Réglisse ','Thé Noir, Badiane, Tilleul Aubier, Gingembre, Réglisse ','vign_lendemain_de_fete_800px.jpg ',6,15,3,0,NULL),
(232,'Thé noir mélange anglais ','Thé noir ','Thé noir ','vign_the_noir_anglais_800px.jpg ',6,15,3,0,NULL),
(233,'Secret d\'Antan ','Thé noir, flocons de sucre, Pomme, Amande, arômes, pétale de Rose ','Thé noir, flocons de sucre, Pomme, Amande, arômes, pétale de Rose ','vign_secret_d_antan_800px.jpg ',6,15,3,0,NULL),
(234,'Peps ','Maté, Cynorrhodon, Eleuthérocoque, Gingembre, Sarriette, Hibiscus  ','Maté, Cynorrhodon, Eleuthérocoque, Gingembre, Sarriette, Hibiscus  ','vign_infu_peps_800px.jpg ',6,15,3,0,NULL),
(235,'Sencha douce saveur ','Thé vert Sencha (70%), Raisin de Corinthe, Pétale de rose, arômes,  Ananas, Papaye, Fraise, Framboise ','Thé vert Sencha (70%), Raisin de Corinthe, Pétale de rose, arômes,  Ananas, Papaye, Fraise, Framboise ','vign_sencha_douce_saveur_800px.jpg ',6,15,3,0,NULL),
(236,'Thé vert bio ','Thé vert Bio ','Thé vert Bio ','vign_the_vert_bio_800px.jpg ',6,15,3,0,NULL),
(237,'Thé vert citron ','Thé vert (90%), Citron écorce (10%) ','Thé vert (90%), Citron écorce (10%) ','vign_the_vert_citron_800px.jpg ',6,15,3,0,NULL),
(238,'Detox Automne hiver ','Thé vert feuille, Chicorée feuille, Citron écorce, Chiendent Officinal racine ','Thé vert feuille, Chicorée feuille, Citron écorce, Chiendent Officinal racine ','vign_detox_automne_hiver_800px.jpg ',6,15,3,0,NULL),
(239,'Thé vert menthe ','Thé vert (60%), Menthe Douce (40%) ','Thé vert (60%), Menthe Douce (40%) ','vign_the_vert_menthe_800px.jpg ',6,15,3,0,NULL),
(240,'Thé vert pêche ',' ',' ','vign_the_vert_peche_800px.jpg ',7,16,3,0,NULL),
(241,'Thé vert Mirabelle  ',' ',' ','vign_the_vert_mirabelle_800px.jpg ',7,16,3,0,NULL),
(242,'Thé vert figue baies ',' ',' ','vign_the_vert_figues_baie_roug_800px.jpg ',7,16,3,0,NULL),
(243,'Thé vert Gingembre pomme ',' ',' ','vign_the_vert_pomme_gingembre_800px.jpg ',7,16,3,0,NULL),
(244,'Thé vert cerise  ',' ',' ','vign_the_vert_cerise_800px.jpg ',7,16,3,0,NULL),
(245,'Thé Oolong Vietnam (50g) ',' ',' ','vign_the_vert_oolong_800px.jpg ',6,16,3,0,NULL),
(246,'Honduras ','Ce Cru du Honduras vous fera voyager dans ce pays emblématique de la production de café ','Ce Cru du Honduras vous fera voyager dans ce pays emblématique de la production de café<br>Arômes : Caramel, Chocolat lait, Fleur Blanche<br>Altitude : 1650m<br>Localisation : Copan<br>Variétés : Catuai<br>Process : Lavé/Fermentation anaérobique ','capsule_honduras_800.jpg ',25,17,3,0,NULL),
(247,'Honduras ','Ce Cru du Honduras vous fera voyager dans ce pays emblématique de la production de café ','Ce Cru du Honduras vous fera voyager dans ce pays emblématique de la production de café<br>Arômes : Caramel, Chocolat lait, Fleur Blanche<br>Altitude : 1650m<br>Localisation : Copan<br>Variétés : Catuai<br>Process : Lavé/Fermentation anaérobique ','honduras_800_cafe_grain.jpg ',25,18,3,0,NULL),
(248,'Honduras ','Ce Cru du Honduras vous fera voyager dans ce pays emblématique de la production de café ','Ce Cru du Honduras vous fera voyager dans ce pays emblématique de la production de café<br>Arômes : Caramel, Chocolat lait, Fleur Blanche<br>Altitude : 1650m<br>Localisation : Copan<br>Variétés : Catuai<br>Process : Lavé/Fermentation anaérobique ','honduras_800_cafe_grain.jpg ',25,19,3,0,NULL);

--
-- Structure de la table `salarie`
--
DROP TABLE IF EXISTS `salarie`;
CREATE TABLE `salarie` (
  `idSalarie` int NOT NULL,
  `nom` text CHARACTER SET utf8mb4 COLLATE utf8mb4_general_ci NOT NULL,
  `prenom` text CHARACTER SET utf8mb4 COLLATE utf8mb4_general_ci NOT NULL,
  `mail` text CHARACTER SET utf8mb4 COLLATE utf8mb4_general_ci NOT NULL,
  `idEntreprise` int NOT NULL,
  `roleEntreprise` text CHARACTER SET utf8mb4 COLLATE utf8mb4_general_ci NOT NULL,
  `actif` bit(1) DEFAULT NULL,
  PRIMARY KEY (`idSalarie`)
) ENGINE=InnoDB DEFAULT CHARSET=utf8mb4 COLLATE=utf8mb4_general_ci;

--
-- Données de la table `salarie`
--
INSERT INTO `salarie` (`idSalarie`,`nom`,`prenom`,`mail`,`idEntreprise`,`roleEntreprise`,`actif`) VALUES
(9,'Gerant','Auto','gerant@zoombox.local',1,'Gérant',1),
(10,'Vendeur','Un','vendeur1@zoombox.local',1,'Vendeur',1),
(11,'Gerant','Auto','gerant@edgeblab.local',2,'Gérant',1),
(12,'Vendeur','Un','vendeur1@edgeblab.local',2,'Vendeur',1),
(13,'Gerant','Auto','gerant@gabcube.local',3,'Gérant',1),
(14,'Vendeur','Un','vendeur1@gabcube.local',3,'Vendeur',1),
(15,'Gerant','Auto','gerant@jazzy.local',4,'Gérant',1),
(16,'Vendeur','Un','vendeur1@jazzy.local',4,'Vendeur',1),
(17,'Gerant','Auto','gerant@devbug.local',5,'Gérant',1),
(18,'Vendeur','Un','vendeur1@devbug.local',5,'Vendeur',1);

--
-- Structure de la table `tentatives_connexion`
--
DROP TABLE IF EXISTS `tentatives_connexion`;
CREATE TABLE `tentatives_connexion` (
  `id` int NOT NULL AUTO_INCREMENT,
  `login` varchar(255) COLLATE utf8mb4_general_ci NOT NULL,
  `dateTentative` datetime NOT NULL DEFAULT CURRENT_TIMESTAMP,
  `ip` varchar(45) COLLATE utf8mb4_general_ci DEFAULT NULL,
  `reussite` tinyint(1) NOT NULL DEFAULT '0',
  PRIMARY KEY (`id`),
  KEY `idx_tentatives_login_date` (`login`,`dateTentative`)
) ENGINE=InnoDB DEFAULT CHARSET=utf8mb4 COLLATE=utf8mb4_general_ci;

--
-- Données de la table `tentatives_connexion`
--

--
-- Structure de la table `token`
--
DROP TABLE IF EXISTS `token`;
CREATE TABLE `token` (
  `id` int NOT NULL AUTO_INCREMENT,
  `valeur` text CHARACTER SET utf8mb4 COLLATE utf8mb4_general_ci NOT NULL,
  `codeAction` int NOT NULL,
  `idUtilisateur` int NOT NULL,
  `dateFin` datetime NOT NULL,
  PRIMARY KEY (`id`)
) ENGINE=InnoDB AUTO_INCREMENT=2 DEFAULT CHARSET=utf8mb4 COLLATE=utf8mb4_general_ci;

--
-- Données de la table `token`
--

--
-- Structure de la table `tva`
--
DROP TABLE IF EXISTS `tva`;
CREATE TABLE `tva` (
  `idTVA` int NOT NULL AUTO_INCREMENT,
  `tauxTVA` float NOT NULL,
  PRIMARY KEY (`idTVA`)
) ENGINE=InnoDB AUTO_INCREMENT=5 DEFAULT CHARSET=utf8mb4 COLLATE=utf8mb4_general_ci;

--
-- Données de la table `tva`
--
INSERT INTO `tva` (`idTVA`,`tauxTVA`) VALUES
(3,0.1),
(4,0.2);

--
-- Structure de la table `utilisateur`
--
DROP TABLE IF EXISTS `utilisateur`;
CREATE TABLE `utilisateur` (
  `idUtilisateur` int NOT NULL AUTO_INCREMENT,
  `login` text CHARACTER SET utf8mb4 COLLATE utf8mb4_general_ci NOT NULL,
  `motDePasse` text CHARACTER SET utf8mb4 COLLATE utf8mb4_general_ci NOT NULL,
  `idCategorie_utilisateur` int NOT NULL,
  `desactiver` tinyint(1) DEFAULT NULL,
  `aAccepteRGPD` bit(1) DEFAULT NULL,
  `dateAcceptationRGPD` date DEFAULT NULL,
  `ipRGPD` text CHARACTER SET utf8mb4 COLLATE utf8mb4_general_ci,
  `DoitChangerMotDePasse` bit(1) NOT NULL DEFAULT b'0',
  `motDePasseTemporaire` text CHARACTER SET utf8mb4 COLLATE utf8mb4_general_ci,
  `expirationMotDePasseTemporaire` datetime DEFAULT NULL,
  PRIMARY KEY (`idUtilisateur`)
) ENGINE=InnoDB AUTO_INCREMENT=20 DEFAULT CHARSET=utf8mb4 COLLATE=utf8mb4_general_ci;

--
-- Données de la table `utilisateur`
--
INSERT INTO `utilisateur` (`idUtilisateur`,`login`,`motDePasse`,`idCategorie_utilisateur`,`desactiver`,`aAccepteRGPD`,`dateAcceptationRGPD`,`ipRGPD`,`DoitChangerMotDePasse`,`motDePasseTemporaire`,`expirationMotDePasseTemporaire`) VALUES
(1,'root@cafe.local','GVUwKyqCEFg7j!yU4&',1,0,1,'2025-09-14','::1',0,NULL,NULL),
(2,'gestionnaire@cafe.local','gestion',2,0,NULL,NULL,NULL,1,'',NULL),
(3,'commercial@cafe.local','#XMZLzsZ?R?#',5,0,NULL,NULL,NULL,1,'',NULL),
(4,'contact@zoombox.com','secret',3,0,NULL,NULL,NULL,1,'',NULL),
(5,'contact@edgeblab.com','secret',3,0,NULL,NULL,NULL,1,'',NULL),
(6,'contact@gabcube.com','secret',3,0,NULL,NULL,NULL,1,'',NULL),
(7,'contact@jazzy.com','secret',3,0,NULL,NULL,NULL,1,'',NULL),
(8,'contact@devbug.com','secret',3,0,NULL,NULL,NULL,1,'',NULL),
(9,'gerant@zoombox.local','secret',4,0,NULL,NULL,NULL,1,'',NULL),
(10,'vendeur1@zoombox.local','secret',4,0,NULL,NULL,NULL,1,'',NULL),
(11,'gerant@edgeblab.local','secret',4,0,NULL,NULL,NULL,1,'',NULL),
(12,'vendeur1@edgeblab.local','secret',4,0,NULL,NULL,NULL,1,'',NULL),
(13,'gerant@gabcube.local','secret',4,0,NULL,NULL,NULL,1,'',NULL),
(14,'vendeur1@gabcube.local','secret',4,0,NULL,NULL,NULL,1,'',NULL),
(15,'gerant@jazzy.local','secret',4,0,NULL,NULL,NULL,1,'',NULL),
(16,'vendeur1@jazzy.local','secret',4,0,NULL,NULL,NULL,1,'',NULL),
(17,'gerant@devbug.local','secret',4,0,NULL,NULL,NULL,1,'',NULL),
(18,'vendeur1@devbug.local','secret',4,0,NULL,NULL,NULL,1,'',NULL),
(19,'rgpd@cafe.local','rgpd',6,0,1,'2024-06-10','::1',0,'',NULL);

--
-- Structure de la table `versions_politique`
--
DROP TABLE IF EXISTS `versions_politique`;
CREATE TABLE `versions_politique` (
  `id` int NOT NULL AUTO_INCREMENT,
  `code_version` varchar(32) NOT NULL,
  `contenu` mediumtext NOT NULL,
  `hash_contenu` char(64) NOT NULL,
  `publie_le` datetime NOT NULL,
  `courante` tinyint(1) NOT NULL DEFAULT '0',
  PRIMARY KEY (`id`)
) ENGINE=InnoDB AUTO_INCREMENT=3 DEFAULT CHARSET=utf8mb4 COLLATE=utf8mb4_0900_ai_ci;

--
-- Données de la table `versions_politique`
--
INSERT INTO `versions_politique` (`id`,`code_version`,`contenu`,`hash_contenu`,`publie_le`,`courante`) VALUES
(1,'2025-09-14','La société ABCD, dont le siège est situé à CONFIANCE (96 000), Rue la Transparence, dispose d’un site internet de vente en ligne. Ce site permet de recevoir les commandes de nos clients et les données collectées à cette occasion sont enregistrées et traitées dans un fichier clients.\r\n\r\nCe fichier permet de :\r\n\r\nGérer les commandes, le paiement et la livraison.\r\nMener des opérations de marketing (fidélisation, promotions) et adresser des publicités par courriel auprès de nos clients qui ne s’y sont pas opposés ou qui l’ont accepté :\r\nSur des produits analogues à ceux qu’ils ont commandés.\r\nSur d’autres produits proposés par la société. Par exemple, si un client achète une robe, une crème pour le corps pourra lui être proposée.\r\nTransmettre les données de nos clients qui l’ont accepté à nos partenaires commerciaux, pour leur permettre de leur adresser de la publicité (cf. ci-dessous).\r\nBases légales des traitements\r\nGestion des commandes : la base légale du traitement est l’exécution d’un contrat (Cf. article 6.1.b) du Règlement européen sur la protection des données).\r\nEnvoi de sollicitations commerciales par courriel sur des produits analogues à ceux commandés par les clients : la base légale du traitement est l’intérêt légitime de la société (Cf. article 6.1.f) du Règlement européen sur la protection des données), à savoir promouvoir nos produits auprès de nos clients.\r\nEnvoi de sollicitations commerciales par courriel sur d’autres produits proposés par la société ABCD : la base légale du traitement est le consentement (Cf. article 6.1.a) du Règlement européen sur la protection des données), comme l’exige l’article L. 34-5 du code des postes et des communications électroniques.\r\nTransmission de l’adresse électronique aux partenaires commerciaux : la base légale du traitement est le consentement (Cf. article 6.1.a) du Règlement européen sur la protection des données), comme l’exige l’article L. 34-5 du code des postes et des communications électroniques.\r\nCatégories de données\r\nIdentité : civilité, nom, prénom, adresse, adresse de livraison, numéro de téléphone, adresse électronique, date de naissance, code interne de traitement permettant l’identification du client, données relatives à l’enregistrement sur des listes d’opposition.\r\nDonnées relatives aux commandes : numéro de la transaction, détail des achats, montant des achats, données relatives au règlement des factures (règlements, impayés, remises), retour de produits.\r\nDonnées relatives aux moyens de paiement : numéro de carte bancaire, date de fin de validité de la carte bancaire, cryptogramme visuel (lequel est immédiatement effacé).\r\nDonnées nécessaires à la réalisation des actions de fidélisation et de prospection : historique des achats.\r\nDestinataires des données\r\nLes services clients et facturation de la société ABCD sont destinataires de l’ensemble des catégories de données.\r\nSes sous-traitants, chargés de la livraison de ses commandes, sont destinataires de l’identité, de l’adresse et du numéro de téléphone de nos clients.\r\nLes adresses électroniques des clients qui l’ont accepté sont mises à disposition de nos partenaires commerciaux (liste des partenaires commerciaux, régulièrement mise à jour) :\r\nsociété X\r\nsociété Y\r\nsociété Z\r\nDurée de conservation des données\r\nDonnées nécessaires à la gestion des commandes et à la facturation : pendant toute la durée de la relation commerciale et dix (10) ans au titre des obligations comptables.\r\nDonnées nécessaires à la réalisation des actions de fidélisation et à la prospection : pendant toute la durée de la relation commerciale et trois (3) ans à compter du dernier achat.\r\nDonnées relatives aux moyens de paiement : ces données ne sont pas conservées par la société ABCD ; elles sont collectées lors de la transaction et sont immédiatement supprimées dès le règlement de l’achat.\r\nDonnées concernant les listes d\'opposition à recevoir de la prospection : trois (3) ans.\r\nVos droits\r\nSi vous ne souhaitez plus recevoir de publicité de la part de la société ABCD (exercice du droit d’opposition ou retrait d’un consentement déjà donné), contactez-nous (prévoir ici un lien vers un formulaire d’exercice des droits informatique et libertés, faisant apparaître les différents hypothèses détaillées ci-dessus).\r\n\r\nSi, après avoir consenti à ce que vos données soient transmises à nos partenaires commerciaux, vous souhaitez revenir sur ce choix et ne plus recevoir publicité de leur part, contactez-nous (prévoir ici un lien vers le formulaire d’exercice des droits informatique et libertés).\r\n\r\n(NB : un lien permettant aux clients et prospects de demander la suppression de leur adresse électronique de la liste de prospection doit systématiquement figurer sur les sollicitations envoyées par courriel)\r\n\r\nVous pouvez accéder aux données vous concernant, les rectifier ou les faire effacer. Vous disposez également d\'un droit à la portabilité et d’un droit à la limitation du traitement de vos données (Consultez le site cnil.fr pour plus d’informations sur vos droits).\r\n\r\nPour exercer ces droits ou pour toute question sur le traitement de vos données dans ce dispositif, vous pouvez contacter notre DPO.\r\n\r\nContacter notre DPO par voie électronique : dpo@abcd.fr\r\nContacter notre DPO par courrier postal :\r\nLe délégué à la protection des données\r\n\r\nSociété ABCD\r\n\r\nRue la Transparence\r\n\r\n96 000 CONFIANCE\r\n\r\n(NB : si vous n’avez pas de DPO, indiquez des coordonnées précises où exercer ces droits dans l’entreprise).\r\n\r\nSi vous estimez, après avoir contacté la société ABCD, que vos droits « Informatique et Libertés » ne sont pas respectés, vous pouvez adresser une réclamation en ligne à la CNIL.','0cfb3c771c37c63ffd428d2f6eb31b7d17835047e037b5cd09cb0d2ac5946902','2025-09-14 22:43:24',0),
(2,'2025-09-14-2','La société ABCD, dont le siège est situé à CONFIANCE (96 000), Rue la Transparence, dispose d’un site internet de vente en ligne. Ce site permet de recevoir les commandes de nos clients et les données collectées à cette occasion sont enregistrées et traitées dans un fichier clients.\r\n\r\nCe fichier permet de :\r\n\r\nGérer les commandes, le paiement et la livraison.\r\nMener des opérations de marketing (fidélisation, promotions) et adresser des publicités par courriel auprès de nos clients qui ne s’y sont pas opposés ou qui l’ont accepté :\r\nSur des produits analogues à ceux qu’ils ont commandés.\r\nSur d’autres produits proposés par la société. Par exemple, si un client achète une robe, une crème pour le corps pourra lui être proposée.\r\nTransmettre les données de nos clients qui l’ont accepté à nos partenaires commerciaux, pour leur permettre de leur adresser de la publicité (cf. ci-dessous).\r\nBases légales des traitements\r\nGestion des commandes : la base légale du traitement est l’exécution d’un contrat (Cf. article 6.1.b) du Règlement européen sur la protection des données).\r\nEnvoi de sollicitations commerciales par courriel sur des produits analogues à ceux commandés par les clients : la base légale du traitement est l’intérêt légitime de la société (Cf. article 6.1.f) du Règlement européen sur la protection des données), à savoir promouvoir nos produits auprès de nos clients.\r\nEnvoi de sollicitations commerciales par courriel sur d’autres produits proposés par la société ABCD : la base légale du traitement est le consentement (Cf. article 6.1.a) du Règlement européen sur la protection des données), comme l’exige l’article L. 34-5 du code des postes et des communications électroniques.\r\nTransmission de l’adresse électronique aux partenaires commerciaux : la base légale du traitement est le consentement (Cf. article 6.1.a) du Règlement européen sur la protection des données), comme l’exige l’article L. 34-5 du code des postes et des communications électroniques.\r\nCatégories de données\r\nIdentité : civilité, nom, prénom, adresse, adresse de livraison, numéro de téléphone, adresse électronique, date de naissance, code interne de traitement permettant l’identification du client, données relatives à l’enregistrement sur des listes d’opposition.\r\nDonnées relatives aux commandes : numéro de la transaction, détail des achats, montant des achats, données relatives au règlement des factures (règlements, impayés, remises), retour de produits.\r\nDonnées relatives aux moyens de paiement : numéro de carte bancaire, date de fin de validité de la carte bancaire, cryptogramme visuel (lequel est immédiatement effacé).\r\nDonnées nécessaires à la réalisation des actions de fidélisation et de prospection : historique des achats.\r\nDestinataires des données\r\nLes services clients et facturation de la société ABCD sont destinataires de l’ensemble des catégories de données.\r\nSes sous-traitants, chargés de la livraison de ses commandes, sont destinataires de l’identité, de l’adresse et du numéro de téléphone de nos clients.\r\nLes adresses électroniques des clients qui l’ont accepté sont mises à disposition de nos partenaires commerciaux (liste des partenaires commerciaux, régulièrement mise à jour) :\r\nsociété X\r\nsociété Y\r\nsociété Z\r\nDurée de conservation des données\r\nDonnées nécessaires à la gestion des commandes et à la facturation : pendant toute la durée de la relation commerciale et dix (10) ans au titre des obligations comptables.\r\nDonnées nécessaires à la réalisation des actions de fidélisation et à la prospection : pendant toute la durée de la relation commerciale et trois (3) ans à compter du dernier achat.\r\nDonnées relatives aux moyens de paiement : ces données ne sont pas conservées par la société ABCD ; elles sont collectées lors de la transaction et sont immédiatement supprimées dès le règlement de l’achat.\r\nDonnées concernant les listes d\'opposition à recevoir de la prospection : trois (3) ans.\r\nVos droits\r\nSi vous ne souhaitez plus recevoir de publicité de la part de la société ABCD (exercice du droit d’opposition ou retrait d’un consentement déjà donné), contactez-nous (prévoir ici un lien vers un formulaire d’exercice des droits informatique et libertés, faisant apparaître les différents hypothèses détaillées ci-dessus).\r\n\r\nSi, après avoir consenti à ce que vos données soient transmises à nos partenaires commerciaux, vous souhaitez revenir sur ce choix et ne plus recevoir publicité de leur part, contactez-nous (prévoir ici un lien vers le formulaire d’exercice des droits informatique et libertés).\r\n\r\n(NB : un lien permettant aux clients et prospects de demander la suppression de leur adresse électronique de la liste de prospection doit systématiquement figurer sur les sollicitations envoyées par courriel)\r\n\r\nVous pouvez accéder aux données vous concernant, les rectifier ou les faire effacer. Vous disposez également d\'un droit à la portabilité et d’un droit à la limitation du traitement de vos données (Consultez le site cnil.fr pour plus d’informations sur vos droits).\r\n\r\nPour exercer ces droits ou pour toute question sur le traitement de vos données dans ce dispositif, vous pouvez contacter notre DPO.\r\n\r\nContacter notre DPO par voie électronique : dpo@abcd.fr\r\nContacter notre DPO par courrier postal :\r\nLe délégué à la protection des données\r\n\r\nSociété ABCD\r\n\r\nRue la Transparence\r\n\r\n96 000 CONFIANCE\r\n\r\n(NB : si vous n’avez pas de DPO, indiquez des coordonnées précises où exercer ces droits dans l’entreprise).\r\n\r\nSi vous estimez, après avoir contacté la société ABCD, que vos droits « Informatique et Libertés » ne sont pas respectés, vous pouvez adresser une réclamation en ligne à la CNIL.','0cfb3c771c37c63ffd428d2f6eb31b7d17835047e037b5cd09cb0d2ac5946902','2025-09-14 22:54:19',1);



CREATE TABLE `Avoir2FA` (
  `idUtilisateur` int NOT NULL,
  `idFacteurAuthentification` int NOT NULL,
  `valeur` text NOT NULL
) ENGINE=InnoDB DEFAULT CHARSET=utf8mb4 COLLATE=utf8mb4_0900_ai_ci;

CREATE TABLE `FacteurAuthentification` (
  `id` int NOT NULL,
  `libelle` text NOT NULL
) ENGINE=InnoDB DEFAULT CHARSET=utf8mb4 COLLATE=utf8mb4_0900_ai_ci;

INSERT INTO `FacteurAuthentification` (`id`, `libelle`) VALUES
(1, 'Mail'),
(2, 'OTP');

ALTER TABLE `Avoir2FA` ADD PRIMARY KEY(`idUtilisateur`);

SET FOREIGN_KEY_CHECKS=1;